review_id,pmid,title,abstract,jev_probability,rank,percentile_rank_from_top,rank95_cutoff,relevant_criterion_for_manual_inspection,flag_reason
CD008874,9509203,The palm print as a sensitive predictor of difficult laryngoscopy in diabetics.,"BACKGROUND: Grading of the ink impression made by the palm of the hand has been proposed as a means of screening diabetic patients in whom tracheal intubation may be difficult because of glycosylation of both metacarpal and cervical joints. The current study was designed to test the predictability of the palm print and other airway evaluation indices in a diabetic population. METHOD: 83 adult, diabetic patients scheduled for surgery under general anesthesia were evaluated preoperatively using 4 physical examination indices predictive of difficult laryngoscopy and intubation: Mallampati classification, thyromental distance, head extension, and palm print. Following induction of anesthesia and neuromuscular relaxation, laryngoscopy was performed and the laryngoscopic view scored. The sensitivity, specificity and positive predictive value of each airway evaluation index was calculated. RESULTS: The palm print had the highest sensitivity of all indices (100%). The other 3 indices failed to detect 9 to 13 difficult laryngoscopies. CONCLUSION: We believe that in the diabetic population, the palm print index may be a sensitive marker of difficult intubation. It is possible that other airway evaluation indices would prove more sensitive, and have greater utility, in distinct populations as compared to when they are applied to all patients.",0.47,279,11.675766484670307,837,"- Types of studies: diagnostic test accuracy studies (case-control or consecutive series) of any individual index test, or a combination of tests, against a reference standard
- Participants: studies with adults of either sex, aged 16 years or greater, without obvious airway abnormalities who were having laryngoscopy performed with a standard laryngoscope (usually size 3 Macintosh blade) and the trachea intubated with a styletted or non-styletted tracheal tube
- Index tests: bedside tests used singly or in combination for detection of a difficult airway, e.g., including the Mallampati test, modified Mallampati test, Wilson risk score, thyromental distance, sternomental distance, mouth opening test, upper lip bite test, or any combination of these
- Target conditions: difficult airway (e.g. difficult face mask ventilation, difficult laryngoscopy, difficult tracheal intubation, and failed intubation)
- Reference standards: difficult face mask ventilation, difficult laryngoscopy, difficult tracheal intubation, and failed intubation",Jev probability below carried-forward fixed threshold 0.50
CD008874,26166379,Prospective validation of the modified LEMON criteria to predict difficult intubation in the ED.,"BACKGROUND: Evidence to predict difficult intubation remains scarce in the emergency department (ED) setting. A previously defined clinical decision rule, the modified LEMON criteria, may provide a reliable and reproducible means of identifying difficult intubations. We aimed to prospectively evaluate the external validity of the modified LEMON criteria in the EDs. METHODS: We conducted a 13-center prospective observational study, the second Japanese Emergency Airway Network study. We prospectively collected data on all patients undergoing intubations in the ED from February 2012 through September 2014. The primary outcomes were sensitivity, specificity, and predictive values of the modified LEMON criteria for predicting difficult intubation (≥2 attempts by emergency attending physicians or anesthesiologists). RESULTS: The database recorded a total of 4034 encounters (capture rate, 96%) in the EDs. Of these, 3313 patients (84%) underwent the intubation attempt with a direct laryngoscope and 610 patients (16%) with a video laryngoscope. The proportion of difficult intubation was 5.4% (95% confidence interval [CI], 4.7%-6.2%) in the direct laryngoscope group and 7.4% (95% CI, 5.6%-9.7%) in the video laryngoscope group. The sensitivity was 85.7% (95% CI, 79.3%-90.4%) with direct laryngoscope and 94.9% (95% CI, 83.5%-98.6%) with video laryngoscope. The specificity was 47.6% (95% CI, 47.2%-47.9%) and 40.3% (95% CI, 39.4%-40.6%), respectively. The negative predictive value was 98.2% (95% CI, 97.5%-98.8%) and 99.0% (95% CI, 96.6%-99.7%), respectively. CONCLUSIONS: In this multicenter prospective study, we found a high sensitivity and a negative predictive value of the modified LEMON criteria for predicting difficult intubation. The modified LEMON might assist ED providers in better identifying difficult intubations.",0.46,286,11.969760604787904,837,"- Types of studies: diagnostic test accuracy studies (case-control or consecutive series) of any individual index test, or a combination of tests, against a reference standard
- Participants: studies with adults of either sex, aged 16 years or greater, without obvious airway abnormalities who were having laryngoscopy performed with a standard laryngoscope (usually size 3 Macintosh blade) and the trachea intubated with a styletted or non-styletted tracheal tube
- Index tests: bedside tests used singly or in combination for detection of a difficult airway, e.g., including the Mallampati test, modified Mallampati test, Wilson risk score, thyromental distance, sternomental distance, mouth opening test, upper lip bite test, or any combination of these
- Target conditions: difficult airway (e.g. difficult face mask ventilation, difficult laryngoscopy, difficult tracheal intubation, and failed intubation)
- Reference standards: difficult face mask ventilation, difficult laryngoscopy, difficult tracheal intubation, and failed intubation",Jev probability below carried-forward fixed threshold 0.50
CD008874,9245215,[The Mallampati Score. Prediction of difficult intubation in otolaryngologic laser surgery by Mallampati Score].,"UNLABELLED: The Mallampati score (MS), later modified by Samsoon and Young, is a common method used to predict difficult intubation. We tested its predictive value in otolaryngologic (ENT) laser surgery. METHODS: Ninety-one patients scheduled for elective ENT laser surgery had the modified MS noted prior to induction in the supine position, with the tongue fully protruded and phonating ""ah""; 22 patients were female, 69 male. The mean age was 54 +/- 15 (6-84) years, height 171 +/- 9 (130-190) cm, and weight 72 +/- 21 (20-99) kg. After a standard induction, the laryngoscopic view was graded according to Cormack and Lehane (C&L). An intubation was considered difficult if the C&L score was > or = 3, i.e., no part of the glottis seen during laryngoscopy. The hypothesis tested was that a MS > or = 3 (i.e., only the base of the uvula or nine of the uvula was seen) is predictive of difficult intubation in this group of patients. This chi-square test was used for calculation of significance. RESULTS: All intubations were performed in less than three attempts, and no C&L score of 4 (i.e., not even the epiglottis seen during laryngoscopy) was observed; 10 patients had a C&L score > or = 3, i.e., a difficult intubation according to our definition. Sixty-two patients had a MS < or = 2; of these, 4 (= 6%) were difficult to intubate. Twenty-nine patients had MS > or = 3; of these, 6 (= 21%) were difficult to intubate. This difference was significant (chi-square = 4.1, P < 0.05). CONCLUSION: Difficult intubation was significantly more common in patients with MS > or = 3. Low sensitivity (60%) and specificity (72%) limit the clinical value of this test, however.",0.45,288,12.053758924821503,837,"- Types of studies: diagnostic test accuracy studies (case-control or consecutive series) of any individual index test, or a combination of tests, against a reference standard
- Participants: studies with adults of either sex, aged 16 years or greater, without obvious airway abnormalities who were having laryngoscopy performed with a standard laryngoscope (usually size 3 Macintosh blade) and the trachea intubated with a styletted or non-styletted tracheal tube
- Index tests: bedside tests used singly or in combination for detection of a difficult airway, e.g., including the Mallampati test, modified Mallampati test, Wilson risk score, thyromental distance, sternomental distance, mouth opening test, upper lip bite test, or any combination of these
- Target conditions: difficult airway (e.g. difficult face mask ventilation, difficult laryngoscopy, difficult tracheal intubation, and failed intubation)
- Reference standards: difficult face mask ventilation, difficult laryngoscopy, difficult tracheal intubation, and failed intubation",Jev probability below carried-forward fixed threshold 0.50
CD008874,19293691,"Prediction and outcomes of impossible mask ventilation: a review of 50,000 anesthetics.","BACKGROUND: There are no existing data regarding risk factors for impossible mask ventilation and limited data regarding its incidence. The authors sought to determine the incidence, predictors, and outcomes associated with impossible mask ventilation. METHODS: The authors performed an observational study over a 4-yr period. For each adult patient undergoing a general anesthetic, preoperative patient characteristics, detailed airway physical exam, and airway outcome data were collected. The primary outcome was impossible mask ventilation defined as the inability to exchange air during bag-mask ventilation attempts, despite multiple providers, airway adjuvants, or neuromuscular blockade. Secondary outcomes included the final, definitive airway management technique and direct laryngoscopy view. The incidence of impossible mask ventilation was calculated. Independent (P < 0.05) predictors of impossible mask ventilation were identified by performing a logistic regression full model fit. RESULTS: Over a 4-yr period from 2004 to 2008, 53,041 attempts at mask ventilation were recorded. A total of 77 cases of impossible mask ventilation (0.15%) were observed. Neck radiation changes, male sex, sleep apnea, Mallampati III or IV, and presence of beard were identified as independent predictors. The receiver-operating-characteristic area under the curve for this model was 0.80 +/- 0.03. Nineteen impossible mask ventilation patients (25%) also demonstrated difficult intubation, with 15 being intubated successfully. Twelve patients required an alternative intubation technique, including two surgical airways and two patients who were awakened and underwent successful fiberoptic intubation. CONCLUSIONS: Impossible mask ventilation is an infrequent airway event that is associated with difficult intubation. Neck radiation changes represent the most significant clinical predictor of impossible mask ventilation in the patient dataset.",0.44,292,12.221755564888703,837,"- Types of studies: diagnostic test accuracy studies (case-control or consecutive series) of any individual index test, or a combination of tests, against a reference standard
- Participants: studies with adults of either sex, aged 16 years or greater, without obvious airway abnormalities who were having laryngoscopy performed with a standard laryngoscope (usually size 3 Macintosh blade) and the trachea intubated with a styletted or non-styletted tracheal tube
- Index tests: bedside tests used singly or in combination for detection of a difficult airway, e.g., including the Mallampati test, modified Mallampati test, Wilson risk score, thyromental distance, sternomental distance, mouth opening test, upper lip bite test, or any combination of these
- Target conditions: difficult airway (e.g. difficult face mask ventilation, difficult laryngoscopy, difficult tracheal intubation, and failed intubation)
- Reference standards: difficult face mask ventilation, difficult laryngoscopy, difficult tracheal intubation, and failed intubation",Jev probability below carried-forward fixed threshold 0.50
CD008874,9054250,Predicting difficult intubation with indirect laryngoscopy.,"BACKGROUND: It is not always possible to predict when tracheal intubation will be difficult or impossible. The authors wanted to determine whether indirect laryngoscopy could identify patients in whom intubation was difficult. METHODS: Indirect laryngoscopy was done in 2,504 patients. The Wilson risk sum score and the modified Mallampati score were also studied in a different series of 3,680 patients for comparison. These predictive methods were compared according to three parameters: positive predictive value, sensitivity, and specificity. RESULTS: Of 6,184 patients studied, the trachea proved difficult to intubate in 82 (1.3%). Positive predictive value (31%) and specificity (98.4%) with indirect laryngoscopy were greater than the other two predictive methods (P < 0.01), whereas sensitivity with indirect laryngoscopy (69.2%) was greater than that of the Wilson risk sum score (55.4%) (P < 0.01). CONCLUSIONS: Although in 15% of patients indirect laryngoscopy could not be performed because of excessive gag reflex, indirect laryngoscopy can serve as an effective method to predict difficult intubation.",0.43,295,12.3477530449391,837,"- Types of studies: diagnostic test accuracy studies (case-control or consecutive series) of any individual index test, or a combination of tests, against a reference standard
- Participants: studies with adults of either sex, aged 16 years or greater, without obvious airway abnormalities who were having laryngoscopy performed with a standard laryngoscope (usually size 3 Macintosh blade) and the trachea intubated with a styletted or non-styletted tracheal tube
- Index tests: bedside tests used singly or in combination for detection of a difficult airway, e.g., including the Mallampati test, modified Mallampati test, Wilson risk score, thyromental distance, sternomental distance, mouth opening test, upper lip bite test, or any combination of these
- Target conditions: difficult airway (e.g. difficult face mask ventilation, difficult laryngoscopy, difficult tracheal intubation, and failed intubation)
- Reference standards: difficult face mask ventilation, difficult laryngoscopy, difficult tracheal intubation, and failed intubation",Jev probability below carried-forward fixed threshold 0.50
CD008874,25024473,Sensitivity of palm print sign in prediction of difficult laryngoscopy in diabetes: A comparison with other airway indices.,"BACKGROUND AND AIMS: Diabetic patients are prone for the limited joint mobility syndrome. The atlanto-occipital joint involvement limits adequate extension of head and neck during laryngoscopy making intubation difficult. The collagen glycosylation starts in the fourth and fifth inter-phalangeal joints. The degree of inter-phalangeal involvement can be assessed by scoring the ink impression made by the palm of the dominant hand (palm print [PP] sign) The aim of our study was to evaluate the PP sign as a screening tool for predicting difficult laryngoscopy in diabetic patients. METHODS: A total of 60 diabetic patients undergoing general anaesthesia with endotracheal intubation were assessed pre-operatively for their airway indices using the modified Mallampati test, thyromental distance, degree of head extension, the PP test and the prayer sign and their corresponding Cormack-Lehane scores were noted. Statistical analysis was performed using Fischer exact test. RESULTS: Of the 60 patients, 15 had positive PP sign. Of the 13 difficult laryngoscopies encountered, 10 patients had a positive PP sign. PP sign was the most sensitive index in predicting difficult laryngoscopy. P =0.000 was obtained and considered as statistically significant. The sensitivity was 76.9%, specificity 89.4%, positive and negative predictive value 71.4% and 91.3% and accuracy 86.7%, respectively. The other signs were not significant in predicting difficult laryngoscopy. CONCLUSION: The PP test appears to be the most sensitive and specific in the prediction of difficult laryngoscopy in diabetic patients.",0.39,318,13.313733725325493,837,"- Types of studies: diagnostic test accuracy studies (case-control or consecutive series) of any individual index test, or a combination of tests, against a reference standard
- Participants: studies with adults of either sex, aged 16 years or greater, without obvious airway abnormalities who were having laryngoscopy performed with a standard laryngoscope (usually size 3 Macintosh blade) and the trachea intubated with a styletted or non-styletted tracheal tube
- Index tests: bedside tests used singly or in combination for detection of a difficult airway, e.g., including the Mallampati test, modified Mallampati test, Wilson risk score, thyromental distance, sternomental distance, mouth opening test, upper lip bite test, or any combination of these
- Target conditions: difficult airway (e.g. difficult face mask ventilation, difficult laryngoscopy, difficult tracheal intubation, and failed intubation)
- Reference standards: difficult face mask ventilation, difficult laryngoscopy, difficult tracheal intubation, and failed intubation",Jev probability below carried-forward fixed threshold 0.50
CD008874,23748552,"Incidences and predictors of difficult laryngoscopy in adult patients undergoing general anesthesia : a single-center analysis of 102,305 cases.","BACKGROUND: Hypoxemia caused by difficulties in airway management presents a major cause for perioperative morbidity and mortality. The ability to predict difficult laryngoscopy more accurately would enable anesthesiologists to take specific precautions to reduce airway risks and prevent patient-threatening events. METHODS: Over a 6-year period of time, all anesthesia records with a documented direct laryngoscopic view were retrieved from the electronic data management system and statistically processed. The Cormack-Lehane four-point scale of grading laryngoscopy was used to assess visibility of the vocal cords. RESULTS: Of 102,306 cases, the overall rate of difficult laryngoscopy was 4.9 %. Male gender (6.5 %), Mallampati score III and IV (17.3 %), obesity with a BMI ≥35 kg/m(2) (6.1 %), as well as physical status ASA III or IV (6.2 %), were identified as risk factors for difficult laryngoscopy. Patients undergoing surgery in the departments of oromaxillofacial (8.9 %), ear nose throat surgery (ENT) (7.4 %), and cardiac surgery (7.0 %) showed the highest rates of difficult laryngoscopy. CONCLUSIONS: The results indicate that the risk for difficult airway situations might substantially differ between surgical patient groups. In hospitals with departmental structures and spatially separated operating rooms, the deduction might be increased awareness and particular structural preparation for difficult airway situations in the respective subspecialties.",0.35,335,14.027719445611087,837,"- Types of studies: diagnostic test accuracy studies (case-control or consecutive series) of any individual index test, or a combination of tests, against a reference standard
- Participants: studies with adults of either sex, aged 16 years or greater, without obvious airway abnormalities who were having laryngoscopy performed with a standard laryngoscope (usually size 3 Macintosh blade) and the trachea intubated with a styletted or non-styletted tracheal tube
- Index tests: bedside tests used singly or in combination for detection of a difficult airway, e.g., including the Mallampati test, modified Mallampati test, Wilson risk score, thyromental distance, sternomental distance, mouth opening test, upper lip bite test, or any combination of these
- Target conditions: difficult airway (e.g. difficult face mask ventilation, difficult laryngoscopy, difficult tracheal intubation, and failed intubation)
- Reference standards: difficult face mask ventilation, difficult laryngoscopy, difficult tracheal intubation, and failed intubation",Jev probability below carried-forward fixed threshold 0.50
CD008874,25485099,Predictive factors for difficult mask ventilation in the obese surgical population.,"Background Difficult Mask Ventilation (DMV), is a situation in which it is impossible for an unassisted anesthesiologist to maintain oxygen saturation >90% using 100% oxygen and positive pressure ventilation to prevent or reverse signs of inadequate ventilation during mask ventilation. The incidence varies from 0.08 - 15%. Patient-related anatomical features are by far the most significant cause. We analyzed data from an obese surgical population (BMI> 30 kg/m (2)) to identify specific risk and predictive factors for DMV. Methods Five hundred and fifty seven obese patients were identified from a database of 1399 cases associated with preoperative airway examinations where mask ventilation was attempted. Assessment of mask ventilation in this group was stratified by a severity score (0-3), and a step-wise selection method was used to identify independent predictors. The area under the curve of the receiver-operating-characteristic was then used to evaluate the model's predictive value. Adjusted odds ratios and their 95% confidence intervals were also calculated. Results DMV was observed in 80/557 (14%) patients. Three independent predictive factors for DMV in obese patients were identified: age 49 years, short neck, and neck circumference 43 cm. In the current study th sensitivity for one factor is 0.90 with a specificity 0.35. However, the specificity increased to 0.80 with inclusion of more than one factor. Conclusion According to the current investigation, the three predictive factors are strongly associated with DMV in obese patients. Each independent risk factor alone provides a good screening for DMV and two factors substantially improve specificity. Based on our analysis, we speculate that the absence of at least 2 of the factors we identified might have a significant negative predictive value and can reasonably exclude DMV, with a negative likelihood ratio 0.81.",0.35,336,14.069718605627887,837,"- Types of studies: diagnostic test accuracy studies (case-control or consecutive series) of any individual index test, or a combination of tests, against a reference standard
- Participants: studies with adults of either sex, aged 16 years or greater, without obvious airway abnormalities who were having laryngoscopy performed with a standard laryngoscope (usually size 3 Macintosh blade) and the trachea intubated with a styletted or non-styletted tracheal tube
- Index tests: bedside tests used singly or in combination for detection of a difficult airway, e.g., including the Mallampati test, modified Mallampati test, Wilson risk score, thyromental distance, sternomental distance, mouth opening test, upper lip bite test, or any combination of these
- Target conditions: difficult airway (e.g. difficult face mask ventilation, difficult laryngoscopy, difficult tracheal intubation, and failed intubation)
- Reference standards: difficult face mask ventilation, difficult laryngoscopy, difficult tracheal intubation, and failed intubation",Jev probability below carried-forward fixed threshold 0.50
CD008874,22008586,Factors associated with difficult intubation in prehospital emergency medicine.,"OBJECTIVES: When managing airways in a prehospital setting, emergency physicians have to deal with difficult intubation (DI), which increases morbidity and mortality. The primary goal of this study was to determine predictors of DI in the out-of-hospital field faced by the French physician-staffed Emergency Medical Service. METHODS: The study was a prospective, observational study, including all consecutive patients intubated during a 30-month period. Patients having experienced standard intubation (two attempts or less) or DI (more than two attempts) were compared. RESULTS: Six hundred and ninety-four patients were included: 70 (11%) were classified as DI and 583 as standard intubations. Logistic regression showed that airways obstruction [odds ratio (OR), 4.1; 95% confidence interval (CI), 1.71-14.4], intubation on the floor (OR, 2.6; 95% CI, 1.04-6.6), and a hyoid-mental distance less than three fingers (OR, 2.3; 95% CI, 1.2-4.7) were independent predictors of DI. Immediate complications occurred in 89 patients (16%): 66 (11%) in the standard intubation group and 23 (31%) in the DI group (P<0.01). CONCLUSION: For prehospital orotracheal intubation, independent risk factors of DI are a mental-thyroid distance less than three fingers, a patient on the floor, and a superior airways obstruction. Anticipation of DI could result in fewer attempts, and fewer complications, as the rate of complication increases with the difficulty of intubation.",0.34,345,14.447711045779084,837,"- Types of studies: diagnostic test accuracy studies (case-control or consecutive series) of any individual index test, or a combination of tests, against a reference standard
- Participants: studies with adults of either sex, aged 16 years or greater, without obvious airway abnormalities who were having laryngoscopy performed with a standard laryngoscope (usually size 3 Macintosh blade) and the trachea intubated with a styletted or non-styletted tracheal tube
- Index tests: bedside tests used singly or in combination for detection of a difficult airway, e.g., including the Mallampati test, modified Mallampati test, Wilson risk score, thyromental distance, sternomental distance, mouth opening test, upper lip bite test, or any combination of these
- Target conditions: difficult airway (e.g. difficult face mask ventilation, difficult laryngoscopy, difficult tracheal intubation, and failed intubation)
- Reference standards: difficult face mask ventilation, difficult laryngoscopy, difficult tracheal intubation, and failed intubation",Jev probability below carried-forward fixed threshold 0.50
CD008874,9602574,Preoperative assessment for difficult intubation in general and ENT surgery: predictive value of a clinical multivariate risk index.,"Several clinical multifactorial indexes have been described for predicting difficult laryngoscopy or intubation, or both, mostly in general surgery, and less frequently in ENT surgery. The objective of this study was to develop and validate a single clinical index for prediction of difficulty in tracheal intubation in both ENT and general surgery. We studied a population of 1200 consecutive ENT and general surgical patients. Clinical criteria were tested using univariate and multivariate analysis. Difficult intubation was defined as requiring unusual techniques. Logistic regression identified seven criteria as independent predictors of difficult tracheal intubation; previous history of difficult intubation; pathologies associated with difficult intubation; clinical symptoms of pathological airway; inter-incisor gap and mandible luxation; thyromental distance; head and neck movement; and Mallampati's modified test. Point values were assigned to each of these factors in proportion to regression coefficients representing the relative weight of each predictive intubation difficulty factor, the sum comprising the score. The best predictive threshold was chosen using a receiver operating characteristic curve. We then prospectively studied and validated the score in a population of 1090 consecutive ENT and general surgery patients. The sensitivity and specificity of the predictions were 94% and 96% in general surgery, 90% and 93% in non-cancer ENT surgery, and 92% and 66% in ENT cancer surgery, respectively.",0.33,348,14.573708525829483,837,"- Types of studies: diagnostic test accuracy studies (case-control or consecutive series) of any individual index test, or a combination of tests, against a reference standard
- Participants: studies with adults of either sex, aged 16 years or greater, without obvious airway abnormalities who were having laryngoscopy performed with a standard laryngoscope (usually size 3 Macintosh blade) and the trachea intubated with a styletted or non-styletted tracheal tube
- Index tests: bedside tests used singly or in combination for detection of a difficult airway, e.g., including the Mallampati test, modified Mallampati test, Wilson risk score, thyromental distance, sternomental distance, mouth opening test, upper lip bite test, or any combination of these
- Target conditions: difficult airway (e.g. difficult face mask ventilation, difficult laryngoscopy, difficult tracheal intubation, and failed intubation)
- Reference standards: difficult face mask ventilation, difficult laryngoscopy, difficult tracheal intubation, and failed intubation",Jev probability below carried-forward fixed threshold 0.50
CD008874,17323663,Ultrasound quantification of anterior soft tissue thickness fails to predict difficult laryngoscopy in obese patients.,"Morbid obesity is associated with difficult laryngoscopy and intubation. In the general population, bedside indices for predicting difficult intubation (i.e. Mallampati classification, thyromental distance, sternomental distance, mouth-opening and Wilson risk score) have poor-to-moderate sensitivity (20-62%) and moderate-to-fair specificity (82-97%). In the obese population, although the risk of difficult intubation after a positive Mallampati test is 34%, it is still not sufficient to be used as a single predictive test. An abundance of pretracheal soft tissue anterior to the vocal cords, as quantified by ultrasound, was a better predictor of difficult laryngoscopy than body mass index (BMI) in Israeli patients. Obesity is a growing problem in the United States: therefore we sought to confirm this finding in the obese population in the United States. We used ultrasound to quantify the neck soft tissue, from the skin to the anterior aspect of the trachea at the vocal cords, in 64 obese patients (BMI > 35). We assessed thyromental distance, mouth-opening, jaw movement, limited neck mobility, modified Mallampati score, abnormal upper teeth, neck circumference, confirmed obstructive sleep apnoea, BMI, age, race and gender as predictors. Twenty patients were classified as difficult laryngoscopy; they were older (47 +/- 9 vs 42 +/- 1 years; P = 0.048; mean +/- SD) and had less soft pretracheal tissue (20.4 +/- 3.0 vs 22.3 +/- 3.8 mm; P = 0.049) than did easy laryngoscopy patients. Multivariate regression indicated that none of the factors was an independent predictor of difficult laryngoscopy. We conclude that the thickness of pretracheal soft tissue at the level of the vocal cords is not a good predictor of difficult laryngoscopy in obese patients in the United States.",0.31,366,15.329693406131877,837,"- Types of studies: diagnostic test accuracy studies (case-control or consecutive series) of any individual index test, or a combination of tests, against a reference standard
- Participants: studies with adults of either sex, aged 16 years or greater, without obvious airway abnormalities who were having laryngoscopy performed with a standard laryngoscope (usually size 3 Macintosh blade) and the trachea intubated with a styletted or non-styletted tracheal tube
- Index tests: bedside tests used singly or in combination for detection of a difficult airway, e.g., including the Mallampati test, modified Mallampati test, Wilson risk score, thyromental distance, sternomental distance, mouth opening test, upper lip bite test, or any combination of these
- Target conditions: difficult airway (e.g. difficult face mask ventilation, difficult laryngoscopy, difficult tracheal intubation, and failed intubation)
- Reference standards: difficult face mask ventilation, difficult laryngoscopy, difficult tracheal intubation, and failed intubation",Jev probability below carried-forward fixed threshold 0.50
CD008874,26137460,BMI as a Predictor for Potential Difficult Tracheal Intubation in Males.,"INTRODUCTION: Difficult tracheal intubation is a common source of mortality and morbidity in surgical and critical care settings. The incidence reported of difficult tracheal intubation is 0.1%-13% and reaches 14% in the obese population. The objective of our retrospective study was to investigate and compare the utility of body mass index (BMI) as indicator of difficult tracheal intubation in males and females. MATERIAL AND METHODS: We performed a retrospective chart review of patients who underwent abdominal surgeries with American Society of Anesthesiologists I to V under general anesthesia requiring endotracheal intubation. The following information was obtained from medical records for analysis: gender, age, height, weight, BMI, length of patient stay in the Post Anesthesia Care Unit, past medical history of sleep apnea, Mallampati score, and the American Society of Anesthesiologists classification assigned by the anesthesia care provider performing the endotracheal intubation. RESULTS: Of 4303 adult patients, 1970 (45.8%) men and 2333 (54.2%) women were enrolled in the study. Within this group, a total of 1673 (38.9%) patients were morbidly obese. The average age of the study group was 51.4 ± 15.8 and the average BMI was 29.7 ± 8.2 kg/m(2). The overall incidence of the encountered difficult intubations was 5.23% or 225 subjects. Thus, our results indicate that BMI is a reliable predictor of difficult tracheal intubation predominantly in the male population; another strong predictor, with a positive linear correlation, being the Mallampati score. CONCLUSION: In conclusion, our data shows that BMI is a reliable indicator of potential difficult tracheal intubation only in male surgical patients.",0.3,371,15.539689206215876,837,"- Types of studies: diagnostic test accuracy studies (case-control or consecutive series) of any individual index test, or a combination of tests, against a reference standard
- Participants: studies with adults of either sex, aged 16 years or greater, without obvious airway abnormalities who were having laryngoscopy performed with a standard laryngoscope (usually size 3 Macintosh blade) and the trachea intubated with a styletted or non-styletted tracheal tube
- Index tests: bedside tests used singly or in combination for detection of a difficult airway, e.g., including the Mallampati test, modified Mallampati test, Wilson risk score, thyromental distance, sternomental distance, mouth opening test, upper lip bite test, or any combination of these
- Target conditions: difficult airway (e.g. difficult face mask ventilation, difficult laryngoscopy, difficult tracheal intubation, and failed intubation)
- Reference standards: difficult face mask ventilation, difficult laryngoscopy, difficult tracheal intubation, and failed intubation",Jev probability below carried-forward fixed threshold 0.50
CD008874,21081769,Accurate classification of difficult intubation by computerized facial analysis.,"BACKGROUND: Bedside airway evaluation is conduced before anesthesia, but all current methods perform modestly, with low sensitivity and positive predictive value. We hypothesized that subjective features of patients' anatomies improve anesthesiologists' ability to predict difficult intubation, and derived a computer model to do so, based on analysis of photographs of patients' faces. METHODS: Eighty male patients were divided into 2 equal cohorts for model derivation and validation. Each cohort consisted of 20 easy and 20 challenging intubations, defined as >1 attempt by an operator with at least 12 months of anesthesia experience, grade 3 or 4 laryngoscopic view, need for a second operator, or nonelective use of an alternative airway device. Photographs of each subject's face were analyzed by software that resolves each face into 61 facial proportions derived from an algorithm that models the face as a single point in a 50-dimensional eigenspace. Each parameter was tested for discriminatory ability by logistic regression, and combinations of 11 variables with P ≤ 0.1, plus Mallampati class and thyromental distance, were tested exhaustively by all possible binomial quadratic logistic regression models. Candidate models were cross-validated by maximizing the product of the area under the receiver operating characteristic curves obtained in the derivation and validation cohorts. RESULTS: The best model included 3 facial parameters and thyromental distance. It correctly classified 70 of 80 subjects (P < 10(-8)). In contrast, the best combination of Mallampati class and thyromental distance correctly classified 47 of 80 (P = 0.073). Sensitivity, specificity, and area under the curve for the computer model were 90%, 85%, and 0.899, respectively. CONCLUSIONS: Computerized analysis of facial structure and thyromental distance can classify easy versus difficult intubation with accuracy significantly outperforming popular clinical predictive tests.",0.26,397,16.631667366652668,837,"- Types of studies: diagnostic test accuracy studies (case-control or consecutive series) of any individual index test, or a combination of tests, against a reference standard
- Participants: studies with adults of either sex, aged 16 years or greater, without obvious airway abnormalities who were having laryngoscopy performed with a standard laryngoscope (usually size 3 Macintosh blade) and the trachea intubated with a styletted or non-styletted tracheal tube
- Index tests: bedside tests used singly or in combination for detection of a difficult airway, e.g., including the Mallampati test, modified Mallampati test, Wilson risk score, thyromental distance, sternomental distance, mouth opening test, upper lip bite test, or any combination of these
- Target conditions: difficult airway (e.g. difficult face mask ventilation, difficult laryngoscopy, difficult tracheal intubation, and failed intubation)
- Reference standards: difficult face mask ventilation, difficult laryngoscopy, difficult tracheal intubation, and failed intubation",Jev probability below carried-forward fixed threshold 0.50
CD008874,17962241,Predictive value of the El-Ganzouri multivariate risk index for difficult tracheal intubation: a comparison of Glidescope videolaryngoscopy and conventional Macintosh laryngoscopy.,"BACKGROUND: The predictive value of the El-Ganzouri risk index (EGRI) for difficult intubation has been evaluated using Macintosh laryngoscopy as reference standard. The Glidescope videolaryngoscope provides improved visualization of the glottis. We studied the predictive value of the EGRI using videolaryngoscopy as reference standard. METHODS: Data from two subsequent groups of patients, intubated with Macintosh laryngoscopy (ML, n = 994) and videolaryngoscopy (VL, n = 843), were retrospectively analysed. The EGRI was taken as index test. The two types of laryngoscopy were adopted as reference for the presence of Cormack and Lehane grading III-IV. For both groups, sensitivity, specificity, and positive and negative post-test probabilities (PTP) were calculated for thresholds on the EGRI scale. Receiver operating characteristic curves and corresponding areas (AUC) were obtained. RESULTS: Sensitivity and specificity were 69.7% and 66.3% at the cut-off value of 2 in the ML group, and 93.3% and 76.6% at the cut-off value of 3 in the VL group. Corresponding positive and negative PTP were 12.81% and 3.15% in the ML group, and 6.73% and 0.16% in the VL group. At the threshold of 4, positive and negative PTP were 31.34% and 4.85% in the ML group. At the threshold of 7, positive and negative PTP were 85.71% and 1.08% in the VL group. The AUC was 0.74 in the ML group and 0.91 in the VL group. CONCLUSIONS: The predictive value of the EGRI may have been underestimated due to limited accuracy of Macintosh laryngoscopy. Using videolaryngoscopy, the EGRI might be reconsidered as a decisional tool.",0.24,417,17.47165056698866,837,"- Types of studies: diagnostic test accuracy studies (case-control or consecutive series) of any individual index test, or a combination of tests, against a reference standard
- Participants: studies with adults of either sex, aged 16 years or greater, without obvious airway abnormalities who were having laryngoscopy performed with a standard laryngoscope (usually size 3 Macintosh blade) and the trachea intubated with a styletted or non-styletted tracheal tube
- Index tests: bedside tests used singly or in combination for detection of a difficult airway, e.g., including the Mallampati test, modified Mallampati test, Wilson risk score, thyromental distance, sternomental distance, mouth opening test, upper lip bite test, or any combination of these
- Target conditions: difficult airway (e.g. difficult face mask ventilation, difficult laryngoscopy, difficult tracheal intubation, and failed intubation)
- Reference standards: difficult face mask ventilation, difficult laryngoscopy, difficult tracheal intubation, and failed intubation",Jev probability below carried-forward fixed threshold 0.50
CD008874,14616599,Prediction of difficult laryngoscopy in obese patients by ultrasound quantification of anterior neck soft tissue.,"In 50 morbidly obese patients, we quantified the soft tissue of the neck from the skin to the anterior aspect of the trachea at the vocal cords using ultrasound. Thyromental distance, mouth opening, limited neck mobility, modified Mallampati score, abnormal upper teeth, neck circumference and sleep apnoea were assessed as predictors of difficult laryngoscopy. Of the nine (18%) cases of difficult laryngoscopy, seven (78%) had a history of obstructive sleep apnoea, compared with two of the 41 patients (5%) in whom laryngoscopy was easy (p < 0.001). Patients in whom laryngoscopy was difficult had more pretracheal soft tissue (mean (SD) 28 (2.7) mm vs. 17.5 (1.8) mm; p < 0.001) and a greater neck circumference (50 (3.8) vs. 43.5 (2.2) cm; p < 0.001). None of the other predictors correlated with difficult laryngoscopy. We conclude that an abundance of pretracheal soft tissue at the level of the vocal cords is a good predictor of difficult laryngoscopy in obese patients.",0.23,423,17.72364552708946,837,"- Types of studies: diagnostic test accuracy studies (case-control or consecutive series) of any individual index test, or a combination of tests, against a reference standard
- Participants: studies with adults of either sex, aged 16 years or greater, without obvious airway abnormalities who were having laryngoscopy performed with a standard laryngoscope (usually size 3 Macintosh blade) and the trachea intubated with a styletted or non-styletted tracheal tube
- Index tests: bedside tests used singly or in combination for detection of a difficult airway, e.g., including the Mallampati test, modified Mallampati test, Wilson risk score, thyromental distance, sternomental distance, mouth opening test, upper lip bite test, or any combination of these
- Target conditions: difficult airway (e.g. difficult face mask ventilation, difficult laryngoscopy, difficult tracheal intubation, and failed intubation)
- Reference standards: difficult face mask ventilation, difficult laryngoscopy, difficult tracheal intubation, and failed intubation",Jev probability below carried-forward fixed threshold 0.50
CD008874,17491533,Laryngoscopies in the obese: predicting problems and optimizing visualization.,"OBJECTIVES: This pilot study was designed to 1) identify predictors of difficult laryngeal exposure in obese patients, 2) develop strategies for efficient intubation and intraoperative visualization of the glottis, and 3) devise perioperative protocols for difficult laryngoscopies. METHODS: We undertook a retrospective study over a 1-year period of 14 consecutive patients with a body mass index of more than 30 kg/M2 who underwent elective direct laryngoscopy under general anesthesia. Measurements of height, weight, neck circumference, Mallampati score, and Cormack-Lehane classification of the airway were recorded. Problems encountered during anesthesia induction and emergence were also noted. The laryngologist recorded on a visual analog scale the degree of difficulty encountered in obtaining a binocular stereoscopic view and magnification, illumination, and suspension. RESULTS: Anatomic challenges during difficult laryngoscopy included decreased neck extension, redundant folds of tissue in the oropharynx and hypopharynx, and upper airway collapsibility. Overall, there was an association between the incidence of difficult laryngeal exposure and the Cormack-Lehane score (r = .57; p = .03), but the Mallampati score was of limited utility to the laryngologist. Neck size in female patients correlated with the Cormack-Lehane score (p = .02). Neither weight nor body mass index were predictive of a difficult laryngeal exposure. Straight blade laryngoscopes with a distal flange allowed greater depth of insertion and provided the best visualization of the glottis. CONCLUSIONS: An appropriate clinical examination may help predict a difficult airway. However, further studies are warranted to fully characterize the anatomic predictors of a difficult laryngeal exposure.",0.23,424,17.765644687106256,837,"- Types of studies: diagnostic test accuracy studies (case-control or consecutive series) of any individual index test, or a combination of tests, against a reference standard
- Participants: studies with adults of either sex, aged 16 years or greater, without obvious airway abnormalities who were having laryngoscopy performed with a standard laryngoscope (usually size 3 Macintosh blade) and the trachea intubated with a styletted or non-styletted tracheal tube
- Index tests: bedside tests used singly or in combination for detection of a difficult airway, e.g., including the Mallampati test, modified Mallampati test, Wilson risk score, thyromental distance, sternomental distance, mouth opening test, upper lip bite test, or any combination of these
- Target conditions: difficult airway (e.g. difficult face mask ventilation, difficult laryngoscopy, difficult tracheal intubation, and failed intubation)
- Reference standards: difficult face mask ventilation, difficult laryngoscopy, difficult tracheal intubation, and failed intubation",Jev probability below carried-forward fixed threshold 0.50
CD008874,18634954,Prevalence and prediction of difficult intubation in maxillofacial surgery patients.,"PURPOSE: The failure to maintain a patent airway after the induction of general anesthesia is a major concern for anesthesiologists. For securing the airway, tracheal intubation using direct laryngoscopy remains the method of choice in most cases. However, direct laryngoscopic intubation is difficult in 1% to 4%, and impossible in 0.05% to 0.35%, of patients who have seemingly normal airways. This study sought to determine the prevalence of difficult intubation in maxillofacial surgery patients, and to evaluate the usefulness of various predictive tests for difficult intubation. PATIENTS AND METHODS: This study was conducted on 208 patients undergoing maxillofacial surgery. During the preoperative visit, patients were examined in terms of the test of Mallampati et al (Can Anaesth Soc J 32:429, 1985), thyromental distance, sternomental distance, and interincisal distance. Direct laryngoscopic grading, as defined by Cormack and Lehane (Anesthesia 39:1105, 1984), was recorded for each patient. An intubation of ""no difficulty"" was noted when the tube was inserted into the fully visualized larynx with little effort on the first attempt. RESULTS: Intubation was possible in all patients. Combinations of different predictive tests resulted in higher sensitivity. Among all test types, that of Cormack and Lahene was thought to exhibit the highest sensitivity and positive predictive values when used alone. The prevalence of difficult intubation in our group of maxillofacial surgery patients was 15.4%. It may be concluded that a combination of predictive variables can be used to improve sensitivity. CONCLUSIONS: We demonstrated that combining the Mallampati test with other instruments of measurement resulted in higher sensitivity than when either test was used alone.",0.23,426,17.849643007139857,837,"- Types of studies: diagnostic test accuracy studies (case-control or consecutive series) of any individual index test, or a combination of tests, against a reference standard
- Participants: studies with adults of either sex, aged 16 years or greater, without obvious airway abnormalities who were having laryngoscopy performed with a standard laryngoscope (usually size 3 Macintosh blade) and the trachea intubated with a styletted or non-styletted tracheal tube
- Index tests: bedside tests used singly or in combination for detection of a difficult airway, e.g., including the Mallampati test, modified Mallampati test, Wilson risk score, thyromental distance, sternomental distance, mouth opening test, upper lip bite test, or any combination of these
- Target conditions: difficult airway (e.g. difficult face mask ventilation, difficult laryngoscopy, difficult tracheal intubation, and failed intubation)
- Reference standards: difficult face mask ventilation, difficult laryngoscopy, difficult tracheal intubation, and failed intubation",Jev probability below carried-forward fixed threshold 0.50
CD008874,20118795,Predicting difficult laryngoscopy in acromegaly: a comparison of upper lip bite test with modified Mallampati classification.,"Upper lip bite test (ULBT) is a simple test for predicting difficult intubation. However, it has not been evaluated in acromegalic patients. The primary aim of this study was to compare ULBT with modified Mallampati classification (MMPC) to predict difficult laryngoscopy in acromegalic patients. Over a 5-year period, 64 acromegalic and 63 nonacromegalic patients presenting for excision of pituitary tumor were enrolled. Preoperative airway assessment was done using MMPC and the ULBT. Under anesthesia, laryngoscopic view was assessed using Cormack-Lehane (CL) grading. MMPC III/IV and ULBT grade III were considered predictive of difficult laryngoscopy that was defined as Cormack-Lehane grades III or IV. Difficult intubation was defined as more than 2 direct laryngoscopy attempts involving change of blade or use of bougie/fiberoptic bronchoscope/intubating laryngeal mask airway. Sensitivity, specificity, positive and negative predictive values, and accuracy of both tests in predicting difficult laryngoscopy were calculated. Incidence of difficult laryngoscopy and intubation in acromegalics were 24% and 11%, respectively. MMPC and ULBT predicted difficulty in 61% and 14% acromegalics, respectively. However, only 26% and 44% of the laryngoscopies predicted to be difficult by MMMC and ULBT, respectively, were actually difficult. MMPC failed to predict 33% of difficult laryngoscopies whereas ULBT failed to predict 73%. Neither test predicted difficulty in 33% laryngoscopies that turned out to be difficult. Twenty-seven percent of the difficult laryngoscopies were correctly predicted by both tests. In acromegalic group, MMPC was more sensitive, whereas ULBT was more specific. Sensitivity and accuracy of both tests were less in acromegalic patients compared with nonacromegalic controls.",0.2,461,19.319613607727845,837,"- Types of studies: diagnostic test accuracy studies (case-control or consecutive series) of any individual index test, or a combination of tests, against a reference standard
- Participants: studies with adults of either sex, aged 16 years or greater, without obvious airway abnormalities who were having laryngoscopy performed with a standard laryngoscope (usually size 3 Macintosh blade) and the trachea intubated with a styletted or non-styletted tracheal tube
- Index tests: bedside tests used singly or in combination for detection of a difficult airway, e.g., including the Mallampati test, modified Mallampati test, Wilson risk score, thyromental distance, sternomental distance, mouth opening test, upper lip bite test, or any combination of these
- Target conditions: difficult airway (e.g. difficult face mask ventilation, difficult laryngoscopy, difficult tracheal intubation, and failed intubation)
- Reference standards: difficult face mask ventilation, difficult laryngoscopy, difficult tracheal intubation, and failed intubation",Jev probability below carried-forward fixed threshold 0.50
CD008874,19194154,"High body mass index is a weak predictor for difficult and failed tracheal intubation: a cohort study of 91,332 consecutive patients scheduled for direct laryngoscopy registered in the Danish Anesthesia Database.","BACKGROUND: Previous studies have failed to detect high body mass index (BMI) as a risk factor for difficult tracheal intubation (DTI). BMI was investigated as a risk factor for DTI in patients planned for direct laryngoscopy. METHODS: A cohort of 91,332 consecutive patients planned for intubation by direct laryngoscopy was retrieved from the Danish Anesthesia Database. A four-point scale to grade the tracheal intubation was used. Age, sex, American Society of Anesthesiologists physical status classification, priority of surgery, history of previous DTI, modified Mallampati-score, use of neuromuscular blocker, and BMI were retrieved. Logistic regression to assess whether BMI was associated with DTI was performed. RESULTS: The frequency of DTI was 5.2% (95% confidence interval [CI] 5.0-5.3). In multivariate analyses adjusted for other significant covariates, BMI of 35 or more was a risk for DTI with an odds ratio of 1.34 (95% CI 1.19-1.51, P < 0.0001). As a stand alone test, BMI of 35 or more predicted DTI with a sensitivity of 7.5% (95% CI 7.3-7.7%) and with a predictive value of a positive test of 6.4% (95% CI 6.3-6.6%). BMI as a continuous covariate was a risk for failed intubation with an odds ratio of 1.031 (95% CI 1.002-1.061, P < 0.04). CONCLUSIONS: High BMI is a weak but statistically significant predictor of difficult and failed intubation and may be more appropriate than weight in multivariate models of prediction of DTI.",0.19,476,19.94960100797984,837,"- Types of studies: diagnostic test accuracy studies (case-control or consecutive series) of any individual index test, or a combination of tests, against a reference standard
- Participants: studies with adults of either sex, aged 16 years or greater, without obvious airway abnormalities who were having laryngoscopy performed with a standard laryngoscope (usually size 3 Macintosh blade) and the trachea intubated with a styletted or non-styletted tracheal tube
- Index tests: bedside tests used singly or in combination for detection of a difficult airway, e.g., including the Mallampati test, modified Mallampati test, Wilson risk score, thyromental distance, sternomental distance, mouth opening test, upper lip bite test, or any combination of these
- Target conditions: difficult airway (e.g. difficult face mask ventilation, difficult laryngoscopy, difficult tracheal intubation, and failed intubation)
- Reference standards: difficult face mask ventilation, difficult laryngoscopy, difficult tracheal intubation, and failed intubation",Jev probability below carried-forward fixed threshold 0.50
CD008874,24163453,Diagnostic value of the upper lip bite test in predicting difficulty in intubation with head and neck landmarks obtained from lateral neck X-ray.,"BACKGROUND: Unanticipated difficult tracheal intubation remains a primary concern of anaesthesiologists and upper lip bite test (ULBT) is one of the assessments used in predicting difficult intubation. In this study, we aimed to check the utility of lateral neck X-ray measurements in improving the diagnostic value of the ULBT. METHODS: In a prospective study conducted from January 2007 until December 2010, we recorded personal and demographic data of 4500 patients who entered the study and subjected them to standard lateral neck radiography. Before the induction of anaesthesia, clinical examination and ULBT results were recorded and during induction of anaesthesia laryngoscopic grading was evaluated and recorded in questionnaires. All the compiled data were analysed by SPSS 14.0 (SPSS Inc., Chicago, IL, USA) software. Diagnostic value for each test was calculated and compared. RESULTS: Negative predictive values (NPVs) were high in all tests. ULBT had the highest specificity and NPV compared with the other tests. The positive predictive value for all the tests had been low, but marginally high in the ULBT. CONCLUSION: Although all the tests used had relatively acceptable predictive values, combination of tests appeared to be more predictive. Highest sensitivities were observed with ULBT, mandibulohyoid distance and thyromental distance respectively. Use of radiological parameters may not be suitable as screening tools, but may help in anticipating and preparing for a difficult scenario.",0.19,481,20.15959680806384,837,"- Types of studies: diagnostic test accuracy studies (case-control or consecutive series) of any individual index test, or a combination of tests, against a reference standard
- Participants: studies with adults of either sex, aged 16 years or greater, without obvious airway abnormalities who were having laryngoscopy performed with a standard laryngoscope (usually size 3 Macintosh blade) and the trachea intubated with a styletted or non-styletted tracheal tube
- Index tests: bedside tests used singly or in combination for detection of a difficult airway, e.g., including the Mallampati test, modified Mallampati test, Wilson risk score, thyromental distance, sternomental distance, mouth opening test, upper lip bite test, or any combination of these
- Target conditions: difficult airway (e.g. difficult face mask ventilation, difficult laryngoscopy, difficult tracheal intubation, and failed intubation)
- Reference standards: difficult face mask ventilation, difficult laryngoscopy, difficult tracheal intubation, and failed intubation",Jev probability below carried-forward fixed threshold 0.50
CD008874,8795315,Difficult intubation: thyromental distance and the atlanto-occipital gap.,Ten patients with a history of difficult intubation and 10 control patients were examined clinically and radiologically. It was shown that thyromental distance can be measured reliably clinically and further support is given to its usefulness as a predictor of difficult intubation. We were unable to demonstrate a conclusive link between thyromental distance and atlanto-occipital or atlanto-axial gaps. A review of X rays in other collections may add to the understanding of these factors in difficult intubation.,0.18,483,20.24359512809744,837,"- Types of studies: diagnostic test accuracy studies (case-control or consecutive series) of any individual index test, or a combination of tests, against a reference standard
- Participants: studies with adults of either sex, aged 16 years or greater, without obvious airway abnormalities who were having laryngoscopy performed with a standard laryngoscope (usually size 3 Macintosh blade) and the trachea intubated with a styletted or non-styletted tracheal tube
- Index tests: bedside tests used singly or in combination for detection of a difficult airway, e.g., including the Mallampati test, modified Mallampati test, Wilson risk score, thyromental distance, sternomental distance, mouth opening test, upper lip bite test, or any combination of these
- Target conditions: difficult airway (e.g. difficult face mask ventilation, difficult laryngoscopy, difficult tracheal intubation, and failed intubation)
- Reference standards: difficult face mask ventilation, difficult laryngoscopy, difficult tracheal intubation, and failed intubation",Jev probability below carried-forward fixed threshold 0.50
CD008874,9691863,Relationship between difficult tracheal intubation and obstructive sleep apnoea.,"The upper airway abnormalities predisposing to difficult tracheal intubation may also predispose to obstructive sleep apnoea (OSA). The potential association is important as both conditions increase perioperative risk and patients with a trachea that is difficult to intubate may need assessment for OSA. We determined if patients with difficult intubation are at greater risk of OSA and, if so, whether or not they have characteristic clinical or radiographic upper airway changes. We studied 15 patients in whom the trachea was difficult to intubate and 15 control patients. Each was evaluated clinically (Mallampati score, thyromental distance, neck circumference, head extension), polysomnographically (apnoea-hypoponea index (AHI)) and radiographically (lateral cephalometry). AHI was greater in the difficult intubation group (mean 28.4 (SD 31.7)) compared with controls (5.9 (8.9)) (P < 0.02); eight of 15 patients in the difficult intubation group and two of 15 in the control group had an AHI > 10 (P < 0.03). Difficult intubation, but not OSA, was associated (P < 0.05) with a smaller thyromental distance and mandibular length, and greater soft palate length. Both difficult intubation and OSA were associated (P < 0.05) with a greater Mallampati score, anterior mandibular depth, and smaller mandibular and cervical angles. OSA, but not difficult intubation, was associated (P < 0.05) with increased neck circumference, tongue area and craniocervical angle, and decreased head extension, mandibular ramus length and atlantooccipital distance. We conclude that difficult intubation and OSA are related significantly. They share anatomical features which act to reduce the skeletal confines of the tongue. Patients with OSA may compensate, when awake, by increasing craniocervical angulation, which increases the space between the mandible and cervical spine and elongates the tongue and soft tissues of the neck.",0.17,499,20.91558168836623,837,"- Types of studies: diagnostic test accuracy studies (case-control or consecutive series) of any individual index test, or a combination of tests, against a reference standard
- Participants: studies with adults of either sex, aged 16 years or greater, without obvious airway abnormalities who were having laryngoscopy performed with a standard laryngoscope (usually size 3 Macintosh blade) and the trachea intubated with a styletted or non-styletted tracheal tube
- Index tests: bedside tests used singly or in combination for detection of a difficult airway, e.g., including the Mallampati test, modified Mallampati test, Wilson risk score, thyromental distance, sternomental distance, mouth opening test, upper lip bite test, or any combination of these
- Target conditions: difficult airway (e.g. difficult face mask ventilation, difficult laryngoscopy, difficult tracheal intubation, and failed intubation)
- Reference standards: difficult face mask ventilation, difficult laryngoscopy, difficult tracheal intubation, and failed intubation",Jev probability below carried-forward fixed threshold 0.50
CD008874,12351303,Difficult endotracheal intubation in patients with sleep apnea syndrome.,"UNLABELLED: Although sleep apnea syndrome (SAS) is common, studies assessing the anesthetic management of these patients are rare and consist mainly of case studies. We performed a retrospective case-control study to determine the incidence of difficult intubation in SAS patients and to determine the relationship between the severity of SAS and the occurrence of difficult intubation. Among 113 patients included (36 and 77 in the SAS and control groups, respectively), difficult intubation occurred more often in SAS patients than in controls (21.9% versus 2.6%, respectively; P < 0.05). No relationship was found between the severity of SAS and the occurrence of difficult intubation. Disappointingly, no single factor was associated with the occurrence of difficult intubation in SAS patients. We conclude that SAS is a risk factor for difficult intubation. IMPLICATIONS: Because patients with sleep apnea syndrome have an increased risk of difficult endotracheal intubation and may present with cardiovascular disease, preoperative preventive measures should be undertaken to avoid untoward events.",0.17,500,20.95758084838303,837,"- Types of studies: diagnostic test accuracy studies (case-control or consecutive series) of any individual index test, or a combination of tests, against a reference standard
- Participants: studies with adults of either sex, aged 16 years or greater, without obvious airway abnormalities who were having laryngoscopy performed with a standard laryngoscope (usually size 3 Macintosh blade) and the trachea intubated with a styletted or non-styletted tracheal tube
- Index tests: bedside tests used singly or in combination for detection of a difficult airway, e.g., including the Mallampati test, modified Mallampati test, Wilson risk score, thyromental distance, sternomental distance, mouth opening test, upper lip bite test, or any combination of these
- Target conditions: difficult airway (e.g. difficult face mask ventilation, difficult laryngoscopy, difficult tracheal intubation, and failed intubation)
- Reference standards: difficult face mask ventilation, difficult laryngoscopy, difficult tracheal intubation, and failed intubation",Jev probability below carried-forward fixed threshold 0.50
CD008874,10861153,Difficult intubation in acromegalic patients: incidence and predictability.,"BACKGROUND: Previous studies have suggested that the incidence of difficult intubation in acromegalic patients is higher than in normal patients. However, these studies were retrospective and did not include preoperative assessment of the airways. The aims of this study were to determine the incidence of difficult intubation and to assess the usefulness of preoperative tests in predicting difficult laryngoscopy. METHODS: One hundred twenty-eight consenting acromegalic patients requiring general anesthesia and tracheal intubation were studied. Preoperatively, Mallampati classification, thyromental distance, and head and neck movement were determined in each patient. After induction of anesthesia and muscle paralysis, laryngoscopic grade was assessed during direct laryngoscopy; Cormack and Lehane grade III or IV were classified as difficult. The association of individual airway assessment with laryngeal view was evaluated using the Fisher exact test. Predictors of difficult laryngoscopy were evaluated by calculating their sensitivity and specificity. RESULTS: Laryngoscopy was difficult (grade III) in 33 of 128 patients (26%). Application of external laryngeal pressure improved laryngeal visualization to grade II in 20 of these 33 patients. In the remaining 13 patients (10%), intubation was difficult (more than two attempts, blade change, use of gum-elastic bougie). Mallampati classes 3 and 4 were significantly related to laryngoscopy grade III (Fisher exact test, P = 0.001). CONCLUSIONS: The incidence of difficult laryngoscopy and intubation in acromegalic patients is higher than in normal patients. Preoperative Mallampati scores of 3 and 4 were of value in predicting difficult laryngoscopy. Nevertheless, even this test will miss a significant number of patients with a difficult airway.",0.16,520,21.797564048719025,837,"- Types of studies: diagnostic test accuracy studies (case-control or consecutive series) of any individual index test, or a combination of tests, against a reference standard
- Participants: studies with adults of either sex, aged 16 years or greater, without obvious airway abnormalities who were having laryngoscopy performed with a standard laryngoscope (usually size 3 Macintosh blade) and the trachea intubated with a styletted or non-styletted tracheal tube
- Index tests: bedside tests used singly or in combination for detection of a difficult airway, e.g., including the Mallampati test, modified Mallampati test, Wilson risk score, thyromental distance, sternomental distance, mouth opening test, upper lip bite test, or any combination of these
- Target conditions: difficult airway (e.g. difficult face mask ventilation, difficult laryngoscopy, difficult tracheal intubation, and failed intubation)
- Reference standards: difficult face mask ventilation, difficult laryngoscopy, difficult tracheal intubation, and failed intubation",Jev probability below carried-forward fixed threshold 0.50
CD008874,15271749,Prediction of difficult tracheal intubation in thyroid surgery.,"The incidence of difficult endotracheal intubation (DEI) for patients undergoing thyroidectomy has rarely been studied, and evaluation of factors linked to DEI is limited to a few studies. We undertook this prospective study to investigate the incidence of DEI in the presence of goiter (an enlargement of the thyroid gland) and to evaluate factors linked to DEI. We studied 320 consecutive patients scheduled for thyroidectomy. DEI was evaluated by an intubation difficulty scale. The trachea was intubated by an unassisted anesthesiologist, and the intubation difficulty scale was calculated. A univariate analysis was performed to identify potential factors predicting DEI, followed by a multivariate analysis. DEI was reported in 17 patients. The rate of easy tracheal intubation was 36.9%; the rate for patients who had minor difficulty of intubation was 57.8%. Sex (male), body mass index, Mallampati class, thyromental distance, neck mobility, Cormack grade, cancerous goiter, and tracheal deviation or compression were identified in the univariate analysis as potential DEI risk factors. With multivariate analysis, two criteria were recognized as independent for DEI (Cormack Grade III or IV and cancerous goiter). We conclude that the large goiter is not associated with a more frequent DEI. However, the presence of a cancerous goiter is a major factor for predicting DEI.",0.16,523,21.923561528769426,837,"- Types of studies: diagnostic test accuracy studies (case-control or consecutive series) of any individual index test, or a combination of tests, against a reference standard
- Participants: studies with adults of either sex, aged 16 years or greater, without obvious airway abnormalities who were having laryngoscopy performed with a standard laryngoscope (usually size 3 Macintosh blade) and the trachea intubated with a styletted or non-styletted tracheal tube
- Index tests: bedside tests used singly or in combination for detection of a difficult airway, e.g., including the Mallampati test, modified Mallampati test, Wilson risk score, thyromental distance, sternomental distance, mouth opening test, upper lip bite test, or any combination of these
- Target conditions: difficult airway (e.g. difficult face mask ventilation, difficult laryngoscopy, difficult tracheal intubation, and failed intubation)
- Reference standards: difficult face mask ventilation, difficult laryngoscopy, difficult tracheal intubation, and failed intubation",Jev probability below carried-forward fixed threshold 0.50
CD008874,16732082,Short thyromental distance: a predictor of difficult intubation or an indicator for small blade selection?,"BACKGROUND: Short thyromental distance (TMD; < 5 cm) has been correlated with difficult direct laryngoscopic intubation in adult patients. The authors hypothesized that a smaller Macintosh curved blade (No. 2 MCB) would improve the predicted difficult laryngoscopy in short-TMD patients over that with a standard Macintosh curved blade (No. 3 MCB). METHODS: In a preliminary study of 11 consenting adults (7 females and 4 males), American Society of Anesthesiologists physical status I and TMD < or = 5 cm, lateral neck radiographs were recorded during laryngoscopy with a No. 2 and No. 3 MCB in sequential fashion. In a prospective clinical study, laryngoscopy and tracheal intubation were evaluated in 83 adult patients with TMD < or = 5 cm by randomly assigning them to two groups for the blade used at first intubation. Those who failed intubation with the first blade were switched to the alternate blade. In total 100 laryngoscopies and intubations were performed: the No. 2 MCB (n = 50) and the No. 3 MCB (n = 50). RESULTS: Lateral neck radiographs recorded at the best laryngeal view revealed that the tip of the No. 2 MCB was proximal to the hyoid body with the No. 2 MCB and distal to it with the No. 3 MCB. The intubation distance (C5 to blade tip) on neck radiographs with the No. 2 MCB was significantly greater than it was with the No. 3 MCB for similar anterior jaw displacement. In the clinical study, the laryngoscopic grade with the No. 2 blade was considered easy (median, 2B), better than the grade with the No. 3 MCB (median, 3). When the No. 2 MCB was used, external laryngeal pressure improved the laryngoscopic grade (1, full glottic view) in 46% of patients. In contrast, when the No. 3 MCB was used, pressure improved the grade in only 10% of the patients. Intubation time with the No. 2 MCB was significantly (P < 0.05) less than it was in patients with No. 3 MCB. Overall, 14 patients who failed intubation with the No. 3 MCB were switched to the No. 2 MCB, and intubation was successful with an easy laryngoscopic grade. Three patients who failed intubation with the No. 2 MCB were switched to the No. 3 MCB. CONCLUSIONS: The predicted difficult laryngoscopy and intubation with the use of the adult No. 3 MCB in standard adult patients with a TMD < or = 5 cm is significantly easier with use of the smaller No. 2 MCB.",0.15,552,23.141537169256615,837,"- Types of studies: diagnostic test accuracy studies (case-control or consecutive series) of any individual index test, or a combination of tests, against a reference standard
- Participants: studies with adults of either sex, aged 16 years or greater, without obvious airway abnormalities who were having laryngoscopy performed with a standard laryngoscope (usually size 3 Macintosh blade) and the trachea intubated with a styletted or non-styletted tracheal tube
- Index tests: bedside tests used singly or in combination for detection of a difficult airway, e.g., including the Mallampati test, modified Mallampati test, Wilson risk score, thyromental distance, sternomental distance, mouth opening test, upper lip bite test, or any combination of these
- Target conditions: difficult airway (e.g. difficult face mask ventilation, difficult laryngoscopy, difficult tracheal intubation, and failed intubation)
- Reference standards: difficult face mask ventilation, difficult laryngoscopy, difficult tracheal intubation, and failed intubation",Jev probability below carried-forward fixed threshold 0.50
CD008874,21749908,Difficult prehospital endotracheal intubation - predisposing factors in a physician based EMS.,"OBJECTIVES: For experienced personnel endotracheal intubation (ETI) is the gold standard to secure the airway in prehospital emergency medicine. Nevertheless, substantial procedural difficulties have been reported with a significant potential to compromise patients' outcomes. Systematic evaluation of ETI in paramedic operated emergency medical systems (EMS) and in a mixed physician/anaesthetic nurse EMS showed divergent results. In our study we systematically assessed factors associated with difficult ETI in an EMS exclusively operating with physicians. METHODS: Over a 1-year period we prospectively collected data on the specific conditions of all ETIs of two physician staffed EMS vehicles. Difficult ETI was defined by more than 3 attempts or a difficult visualisation of the larynx (Cormack and Lehane grade 3, or worse). For each patient ETI conditions, biophysical characteristics and factors of the surrounding scene were assessed. Additionally, physicians were asked whether they had expected difficult ETI in advance. RESULTS: Out of 3979 treated patients 305 (7.7%) received ETI. For 276 patients complete data sets were available. The incidence of difficult ETI was 13.0%. In 4 cases (1.4%) ETI was impossible, but no patient was unable to be ventilated sufficiently. Predicting conditions for difficult intubation were limited surrounding space on scene (p<0.01), short neck (p<0.01), obesity (p<0.01), face and neck injuries (p<0.01), mouth opening<3 cm (p<0.01) and known ankylosing spondylitis (p<0.01). ETI on the floor or with C-spine immobilisation in situ were of no significant influence. The incidence of unexpected difficult ETI was 5.0%. CONCLUSIONS: In a physician staffed EMS difficult prehospital ETI occurred in 13% of cases. Predisposing factors were limited surrounding space on scene and certain biophysical conditions of the patient (short neck, obesity, face and neck injuries, and anatomical restrictions). Unexpected difficult ETI occurred in 5% of the cases.",0.15,559,23.43553128937421,837,"- Types of studies: diagnostic test accuracy studies (case-control or consecutive series) of any individual index test, or a combination of tests, against a reference standard
- Participants: studies with adults of either sex, aged 16 years or greater, without obvious airway abnormalities who were having laryngoscopy performed with a standard laryngoscope (usually size 3 Macintosh blade) and the trachea intubated with a styletted or non-styletted tracheal tube
- Index tests: bedside tests used singly or in combination for detection of a difficult airway, e.g., including the Mallampati test, modified Mallampati test, Wilson risk score, thyromental distance, sternomental distance, mouth opening test, upper lip bite test, or any combination of these
- Target conditions: difficult airway (e.g. difficult face mask ventilation, difficult laryngoscopy, difficult tracheal intubation, and failed intubation)
- Reference standards: difficult face mask ventilation, difficult laryngoscopy, difficult tracheal intubation, and failed intubation",Jev probability below carried-forward fixed threshold 0.50
CD008874,7818203,[Proposal for a new multifactor screening score of difficult intubation in ORL and stomatognathic surgery: preliminary study].,"This study assessed prospectively in 295 ENT adult patients the predictive value of clinical indicators for difficult intubation and of a new multifactorial score, established by the allocation of points (0, 3, 5 or 7) depending on the degree of presence of seven factors: pathology known to be associated with a difficult intubation, clinical signs of airways' pathology, inter-incisors gap and mandible's luxation, submental mandibular-thyroid distance, normal or short and broad neck, head and neck movements, and Mallampati's test. The incidence of difficult laryngoscopy was 14% and the use of particular techniques for tube insertion was required in 8% of patients. The presence of malformation or pathology often associated with a difficult intubation and the presence of functional signs of airways' pathology predict the difficulties of laryngoscopy and tracheal intubation with a good sensitivity and specificity. The analysis of the ""Receiver Operating Characteristic curves"" showed that a score higher or equal to 11 allows the prediction of difficult intubations with a sensitivity of 96% and a specificity of 90%.",0.14,579,24.275514489710204,837,"- Types of studies: diagnostic test accuracy studies (case-control or consecutive series) of any individual index test, or a combination of tests, against a reference standard
- Participants: studies with adults of either sex, aged 16 years or greater, without obvious airway abnormalities who were having laryngoscopy performed with a standard laryngoscope (usually size 3 Macintosh blade) and the trachea intubated with a styletted or non-styletted tracheal tube
- Index tests: bedside tests used singly or in combination for detection of a difficult airway, e.g., including the Mallampati test, modified Mallampati test, Wilson risk score, thyromental distance, sternomental distance, mouth opening test, upper lip bite test, or any combination of these
- Target conditions: difficult airway (e.g. difficult face mask ventilation, difficult laryngoscopy, difficult tracheal intubation, and failed intubation)
- Reference standards: difficult face mask ventilation, difficult laryngoscopy, difficult tracheal intubation, and failed intubation",Jev probability below carried-forward fixed threshold 0.50
CD008874,19457671,An assessment of the predictors of difficult intubation in patients with acromegaly.,"Various clinical signs have been used for assessing difficult intubation in patients with acromegaly. These signs include the modified Mallampati classification, measurement of thyromental distance and head and neck movements. Some authors have also tried to establish a relationship between growth hormone levels and difficult intubation. We hypothesized that duration of symptoms in patients with acromegaly may have an association with difficult airway and difficult laryngoscopy. In this prospective study we evaluated tests of airway assessment such as: (i) the Mallampati grade; (ii) the thyromental distance; and (iii) the laryngoscopic grade (Cormack-Lehane). The growth hormone levels and the duration of disease symptoms were also examined. Significant correlation was observed between the Cormack-Lehane and Mallampati gradings (p = 0.05; rho = 19.3%), and between the thyromental distance and the duration of the symptoms (p = 0.03; rho = 26.9%). The incidence of Mallampati III and IV grades was higher in patients with acromegaly. Increased thyromental distance was noted in patients with a long duration of disease. However, increased thyromental distance was not associated with difficult laryngoscopy.",0.14,591,24.7795044099118,837,"- Types of studies: diagnostic test accuracy studies (case-control or consecutive series) of any individual index test, or a combination of tests, against a reference standard
- Participants: studies with adults of either sex, aged 16 years or greater, without obvious airway abnormalities who were having laryngoscopy performed with a standard laryngoscope (usually size 3 Macintosh blade) and the trachea intubated with a styletted or non-styletted tracheal tube
- Index tests: bedside tests used singly or in combination for detection of a difficult airway, e.g., including the Mallampati test, modified Mallampati test, Wilson risk score, thyromental distance, sternomental distance, mouth opening test, upper lip bite test, or any combination of these
- Target conditions: difficult airway (e.g. difficult face mask ventilation, difficult laryngoscopy, difficult tracheal intubation, and failed intubation)
- Reference standards: difficult face mask ventilation, difficult laryngoscopy, difficult tracheal intubation, and failed intubation",Jev probability below carried-forward fixed threshold 0.50
CD008874,19457894,"Avoidance of neuromuscular blocking agents may increase the risk of difficult tracheal intubation: a cohort study of 103,812 consecutive adult patients recorded in the Danish Anaesthesia Database.","BACKGROUND: Previous studies indicate that avoiding neuromuscular blocking agents (NMBAs) may be a risk factor for difficult tracheal intubation (DTI). We investigated whether avoiding NMBA was associated with DTI. METHODS: A cohort of 103,812 consecutive patients planned for tracheal intubation by direct laryngoscopy was retrieved from the Danish Anaesthesia Database. We used an intubation score based upon the number of attempts, change from direct laryngoscopy to a more advanced technique, or intubation by a different operator. We retrieved data on age, sex, ASA physical status classification, priority of surgery, time of surgery, previous DTI, modified Mallampati score, BMI, and the use of NMBA. Using logistic regression, we assessed whether avoiding NMBA was associated with DTI. RESULTS: The frequency of DTI was 5.1 [95% confidence interval (CI): 5.0-5.3]%. In a univariate analysis, avoiding NMBA was associated with DTI, odds ratio (OR) 1.52 (95% CI: 1.43-1.61)%, P<0.0001. Using multivariate analysis, avoiding NMBA was associated with DTI, OR 1.48 (95% CI: 1.39-1.58), P<0.0001. Among patients intubated using NMBA, a multivariate analysis identified patients anaesthetized with only non-depolarizing NMBA to be more at risk for DTI than those anaesthetized with depolarizing NMBA alone. CONCLUSIONS: Avoiding NMBA may increase the risk of DTI. However, confounding by indication may be a problem in this observational study and systematic reviews with meta-analysis or more randomized clinical trials are needed.",0.12,666,27.929441411171776,837,"- Types of studies: diagnostic test accuracy studies (case-control or consecutive series) of any individual index test, or a combination of tests, against a reference standard
- Participants: studies with adults of either sex, aged 16 years or greater, without obvious airway abnormalities who were having laryngoscopy performed with a standard laryngoscope (usually size 3 Macintosh blade) and the trachea intubated with a styletted or non-styletted tracheal tube
- Index tests: bedside tests used singly or in combination for detection of a difficult airway, e.g., including the Mallampati test, modified Mallampati test, Wilson risk score, thyromental distance, sternomental distance, mouth opening test, upper lip bite test, or any combination of these
- Target conditions: difficult airway (e.g. difficult face mask ventilation, difficult laryngoscopy, difficult tracheal intubation, and failed intubation)
- Reference standards: difficult face mask ventilation, difficult laryngoscopy, difficult tracheal intubation, and failed intubation",Jev probability below carried-forward fixed threshold 0.50
CD008874,19700274,A retrospective analysis of airway management in obese patients at a teaching institution.,"STUDY OBJECTIVE: To identify patient characteristics that influence the choice of awake fiberoptic intubation (AFI) versus intubation after general anesthesia in obese patients. DESIGN: Retrospective study. SETTING: Memorial Hermann Hospital, Houston, TX. MEASUREMENTS: Perioperative records of 283 obese patients [body mass index (BMI) >34 kg/m2] who underwent elective surgery between January 1991 and December 1999 were studied. Patients' data were divided into two groups according to method of induction and intubation: asleep direct laryngoscopy versus AFI. Patient demographics, BMI, Mallampati airway classification, history of gastroesophageal reflux disease, peptic ulcer disease, hiatal hernia, and obstructive sleep apnea syndrome were compared between the two groups. Bivariate and multivariate analyses were performed. MAIN RESULTS: AFI was performed in 12 (4.2%) obese patients, and direct laryngoscopy was performed in 271 (95.8%) obese patients. Difficult intubation was reported in 21 (7.4%) cases, and there were no reported cases of failed intubations. Bivariate analyses demonstrated that AFI patients were more likely to have a BMI > or = 60 kg/m2 (P < 0.001), Mallampati class III or IV airway (P < 0.001), and be men (P = 0.004). These three factors were also statistically significant in the multivariate logistic regression. In particular, each one kg/m(2) increase in BMI was associated with a 7% increased likelihood of AFI. Men were approximately 4 times likelier than women to have an AFI. Compared with patients with a Mallampati Class I or II airway, those with Mallampati Classes III or IV were about 26 times as likelier to have an AFI. CONCLUSIONS: Patients selected for AFI were predominantly men, with a Mallampati Class III or IV airway, and BMI > or = 60 kg/m2.",0.11,719,30.155396892062157,837,"- Types of studies: diagnostic test accuracy studies (case-control or consecutive series) of any individual index test, or a combination of tests, against a reference standard
- Participants: studies with adults of either sex, aged 16 years or greater, without obvious airway abnormalities who were having laryngoscopy performed with a standard laryngoscope (usually size 3 Macintosh blade) and the trachea intubated with a styletted or non-styletted tracheal tube
- Index tests: bedside tests used singly or in combination for detection of a difficult airway, e.g., including the Mallampati test, modified Mallampati test, Wilson risk score, thyromental distance, sternomental distance, mouth opening test, upper lip bite test, or any combination of these
- Target conditions: difficult airway (e.g. difficult face mask ventilation, difficult laryngoscopy, difficult tracheal intubation, and failed intubation)
- Reference standards: difficult face mask ventilation, difficult laryngoscopy, difficult tracheal intubation, and failed intubation",Jev probability below carried-forward fixed threshold 0.50
CD008874,25431308,"Difficult intubation in obese patients: incidence, risk factors, and complications in the operating theatre and in intensive care units.","BACKGROUND: Intubation procedure in obese patients is a challenging issue both in the intensive care unit (ICU) and in the operating theatre (OT). The objectives of the study were (i) to compare the incidence of difficult intubation and (ii) its related complications in obese patients admitted to ICU and OT. METHODS: We conducted a multicentre prospective observational cohort study in ICU and OT in obese (BMI≥30 kg m(-2)) patients. The primary endpoint was the incidence of difficult intubation. Secondary endpoints were the risk factors for difficult intubation, the use of difficult airway management techniques, and severe life-threatening complications related to intubation (death, cardiac arrest, severe hypoxaemia, severe cardiovascular collapse). RESULTS: In cohorts of 1400 and 11 035 consecutive patients intubated in ICU and in the OT, 282 (20%) and 2103 (19%) were obese. In obese patients, the incidence of difficult intubation was twice more frequent in ICU than in the OT (16.3% vs 8.2%, P<0.01). In both cohorts, risk factors for difficult intubation were Mallampati score III/IV, obstructive sleep apnoea syndrome, and reduced mobility of cervical spine, while limited mouth opening, severe hypoxaemia, and coma appeared only in ICU. Specific difficult airway management techniques were used in 66 (36%) cases of difficult intubation in obese patients in the OT and in 10 (22%) cases in ICU (P=0.04). Severe life-threatening complications were significantly more frequent in ICU than in the OT (41.1% vs 1.9%, relative risk 21.6, 95% confidence interval 15.4-30.3, P<0.01). CONCLUSIONS: In obese patients, the incidence of difficult intubation was twice more frequent in ICU than in the OT and severe life-threatening complications related to intubation occurred 20-fold more often in ICU. CLINICAL TRIAL REGISTRATION: Current controlled trials. Identifier: NCT01532063.",0.11,735,30.827383452330952,837,"- Types of studies: diagnostic test accuracy studies (case-control or consecutive series) of any individual index test, or a combination of tests, against a reference standard
- Participants: studies with adults of either sex, aged 16 years or greater, without obvious airway abnormalities who were having laryngoscopy performed with a standard laryngoscope (usually size 3 Macintosh blade) and the trachea intubated with a styletted or non-styletted tracheal tube
- Index tests: bedside tests used singly or in combination for detection of a difficult airway, e.g., including the Mallampati test, modified Mallampati test, Wilson risk score, thyromental distance, sternomental distance, mouth opening test, upper lip bite test, or any combination of these
- Target conditions: difficult airway (e.g. difficult face mask ventilation, difficult laryngoscopy, difficult tracheal intubation, and failed intubation)
- Reference standards: difficult face mask ventilation, difficult laryngoscopy, difficult tracheal intubation, and failed intubation",Jev probability below carried-forward fixed threshold 0.50
CD008874,10451134,"Predictive models for difficult laryngoscopy and intubation. A clinical, radiologic and three-dimensional computer imaging study.","PURPOSE: To identify the variables most useful in predicting difficult laryngoscopy and intubation from various clinical, skeletal (lateral x-rays) and soft tissue (three-dimensional computed tomography imaging) measurements. METHODS: Twenty-four adult patients in whom an unanticipated difficult tracheal intubation was identified according to established criteria were evaluated. Further, a control group of 32 patients in whom tracheal intubation was easily accomplished was studied. We applied multivariate discriminant analysis to clinical and radiological data of all patients to select those variables most useful in predicting difficult laryngoscopy and intubation. The receiver operating characteristic (ROC) curve was used to describe the discrimination abilities and to explore the trade-offs between sensitivity and specificity of the model. RESULTS: With the clinical data alone, discriminant analysis identified four risk factors that correlated with the prediction of difficult laryngoscopy and intubation: thyrosternal distance, thyromental distance, neck circumference and Mallampati classification. With both clinical and radiological data, discriminant analysis identified five risk factors: thyrosternal distance, thyromental distance, Mallampati classification, depth of spine C2 and angle A (the most antero-inferior point of the upper central incisor tooth). The positive predictive value of this combined (clinical and radiological) model was greater than that of the clinical model alone (95.8% vs 87.5%, respectively). The areas under the ROC curves, that measure the probability of the correct prediction of the clinical and the combined models, were found to be 0.933 and 0.973, respectively. CONCLUSIONS: These models can be used for predicting difficult laryngoscopy and intubation in clinical practice.",0.1,764,32.045359092818146,837,"- Types of studies: diagnostic test accuracy studies (case-control or consecutive series) of any individual index test, or a combination of tests, against a reference standard
- Participants: studies with adults of either sex, aged 16 years or greater, without obvious airway abnormalities who were having laryngoscopy performed with a standard laryngoscope (usually size 3 Macintosh blade) and the trachea intubated with a styletted or non-styletted tracheal tube
- Index tests: bedside tests used singly or in combination for detection of a difficult airway, e.g., including the Mallampati test, modified Mallampati test, Wilson risk score, thyromental distance, sternomental distance, mouth opening test, upper lip bite test, or any combination of these
- Target conditions: difficult airway (e.g. difficult face mask ventilation, difficult laryngoscopy, difficult tracheal intubation, and failed intubation)
- Reference standards: difficult face mask ventilation, difficult laryngoscopy, difficult tracheal intubation, and failed intubation",Jev probability below carried-forward fixed threshold 0.50
CD008874,19735399,A documented previous difficult tracheal intubation as a prognostic test for a subsequent difficult tracheal intubation in adults.,"We investigated the diagnostic accuracy of a documented previous difficult tracheal intubation as a stand-alone test for predicting a subsequent difficult intubation. Our assessment included patients from the Danish Anaesthesia Database who were scheduled for tracheal intubation by direct laryngoscopy. We used a four-point scale to grade the tracheal intubation. A previous difficult intubation was defined according to the presence of a record documenting a difficult penultimate tracheal intubation-score for the 15 499 patients anaesthetised more than once. Our assessment demonstrates that a documented history of previous difficult or failed intubation using direct laryngoscopy are strong predictors of a subsequent difficult or failed intubation and may identify 30% of these patients. Although previous investigators have reported predictive values that exceed our findings markedly, a documented previous difficult or failed tracheal intubation appears in everyday anaesthetic practice to be a strong predictor of a subsequent difficult tracheal intubation.",0.1,788,33.05333893322133,837,"- Types of studies: diagnostic test accuracy studies (case-control or consecutive series) of any individual index test, or a combination of tests, against a reference standard
- Participants: studies with adults of either sex, aged 16 years or greater, without obvious airway abnormalities who were having laryngoscopy performed with a standard laryngoscope (usually size 3 Macintosh blade) and the trachea intubated with a styletted or non-styletted tracheal tube
- Index tests: bedside tests used singly or in combination for detection of a difficult airway, e.g., including the Mallampati test, modified Mallampati test, Wilson risk score, thyromental distance, sternomental distance, mouth opening test, upper lip bite test, or any combination of these
- Target conditions: difficult airway (e.g. difficult face mask ventilation, difficult laryngoscopy, difficult tracheal intubation, and failed intubation)
- Reference standards: difficult face mask ventilation, difficult laryngoscopy, difficult tracheal intubation, and failed intubation",Jev probability below carried-forward fixed threshold 0.50
CD008874,20049576,Rapid sequence induction for appendectomies: a retrospective case-review analysis.,"PURPOSE: Rapid sequence induction (RSI) with cricoid pressure is suggested to decrease the risk of aspiration of gastric contents. However, the effectiveness of RSI has been questioned, and the technique may lead to airway and hemodynamic complications. The purpose of this study was to determine the frequency of RSI use in patients with acute appendicitis, the types of drugs administered, and the occurrence of any complications. METHODS: After approval by the Ethics Committee, the charts of patients undergoing appendectomy in a one-year period were examined retrospectively. Information was retrieved on Mallampati airway evaluation, airway device used, preoxygenation, RSI, and drugs at induction. Reported complications were noted, including airway difficulties, hypotension (systolic blood pressure < 80 mmHg) and hypertension (>160 mmHg) in the 20-min period after induction. RESULTS: General anesthesia with tracheal intubation was used in 248 of 250 cases reviewed. The Mallampati airway evaluation, preoxygenation, and RSI were recorded as performed in 95, 94, and 81% of cases, respectively. Opioids, propofol, and neuromuscular blocking agents were given in 98, 98, and 99% of patients, respectively. Succinylcholine use was common (80%), with 96% of these patients receiving rocuronium precurarization. Difficult intubation with successful alternate technique was encountered in three patients (1.2%). Hypotension and hypertension occurred in 27% and 8% of patients, respectively. There were no documented cases of aspiration. Oxygen desaturation was mentioned in one case at induction and in three cases at emergence. CONCLUSION: An RSI with opioid, induction agent, and succinylcholine is the technique of choice for appendectomies at our institution. The frequency of airway complications is too low to recommend a change in practice.",0.1,789,33.095338093238134,837,"- Types of studies: diagnostic test accuracy studies (case-control or consecutive series) of any individual index test, or a combination of tests, against a reference standard
- Participants: studies with adults of either sex, aged 16 years or greater, without obvious airway abnormalities who were having laryngoscopy performed with a standard laryngoscope (usually size 3 Macintosh blade) and the trachea intubated with a styletted or non-styletted tracheal tube
- Index tests: bedside tests used singly or in combination for detection of a difficult airway, e.g., including the Mallampati test, modified Mallampati test, Wilson risk score, thyromental distance, sternomental distance, mouth opening test, upper lip bite test, or any combination of these
- Target conditions: difficult airway (e.g. difficult face mask ventilation, difficult laryngoscopy, difficult tracheal intubation, and failed intubation)
- Reference standards: difficult face mask ventilation, difficult laryngoscopy, difficult tracheal intubation, and failed intubation",Jev probability below carried-forward fixed threshold 0.50
CD008874,9476105,[Difficult intubation in otorhinolaryngologic laser surgery. Is there a predictive parameter?].,"In the planning of laser surgery for ENT operations, the specialist is often consulted by the anesthesiologist to predict possible intubation problems. Intubation problems in such operations can occur frequently due to the pathological findings present in the upper aerodigestive tract and the different constructions of laser-resistant endotracheal tubes. The aim of this study was to determine if a known predictive parameter could have a sufficient sensitivity and specificity to reliably predict possible intubation problems for ENT-related laser surgery. In a prospective study, 91 patients were included and the Mallampati-score modified by Samsoon and Young was analyzed and compared to a score describing the actual conditions of intubation. The results showed a significant correlation (p < 0.05, Chi-Square test). However, the specificity was only 72% and the sensitivity of 60% was too low to be of practical use. The results were independent of the endotracheal tube used. Although use of the laser for ENT operations provides a special situation for the anesthesiologist, there is still no system that is sensitive and specific enough to be of practical use. This problem is demonstrated in a literature review.",0.09,837,35.111297774044516,837,"- Types of studies: diagnostic test accuracy studies (case-control or consecutive series) of any individual index test, or a combination of tests, against a reference standard
- Participants: studies with adults of either sex, aged 16 years or greater, without obvious airway abnormalities who were having laryngoscopy performed with a standard laryngoscope (usually size 3 Macintosh blade) and the trachea intubated with a styletted or non-styletted tracheal tube
- Index tests: bedside tests used singly or in combination for detection of a difficult airway, e.g., including the Mallampati test, modified Mallampati test, Wilson risk score, thyromental distance, sternomental distance, mouth opening test, upper lip bite test, or any combination of these
- Target conditions: difficult airway (e.g. difficult face mask ventilation, difficult laryngoscopy, difficult tracheal intubation, and failed intubation)
- Reference standards: difficult face mask ventilation, difficult laryngoscopy, difficult tracheal intubation, and failed intubation",Jev probability below carried-forward fixed threshold 0.50
CD008874,16163916,Lateral neck radiography for prediction of difficult orotracheal intubation.,"BACKGROUND AND OBJECTIVES: Failed endotracheal intubation is a principal cause of morbidity and mortality in anesthetized patients. The aim of this study was to investigate the efficiency of lateral neck radiography in predicting difficult intubation. METHODS: In a prospective triple-blind study, 100 patients (aged 18-89 yr), scheduled for elective surgery were randomly selected. Lateral neck X-ray was obtained from each of the patients before operation. Several angles and parameters on the X-ray were proposed to illustrate a relationship with easy or difficult intubation. A radiologist recorded these angles before the operation. An anaesthesiologist also determined the Mallampati score preoperation. At the time of intubation, two other anesthesiologists performed a laryngoscopy and, according to established criteria, identified the patients as easy or difficult intubation. The results were then compared with each other. RESULTS: Fifteen patients were identified as having difficult intubation (laryngoscopy Grades III and IV). Sensitivity and specificity of the Mallampati Class test were 26% and 100%, respectively. The sensitivity and specificity of the lateral neck X-ray for three measured angles were 100%. The positive and negative predictive values (NPVs) for those angles were 100% and for Mallampati classification were 100% and 80%, respectively. CONCLUSIONS: Compared to the Mallampati Class test, our method of analyzing the lateral X-ray, although not as easy and universally applicable as Mallampati Class test, proved to be a suitable method for predicting difficult intubation.",0.09,852,35.741285174296515,837,"- Types of studies: diagnostic test accuracy studies (case-control or consecutive series) of any individual index test, or a combination of tests, against a reference standard
- Participants: studies with adults of either sex, aged 16 years or greater, without obvious airway abnormalities who were having laryngoscopy performed with a standard laryngoscope (usually size 3 Macintosh blade) and the trachea intubated with a styletted or non-styletted tracheal tube
- Index tests: bedside tests used singly or in combination for detection of a difficult airway, e.g., including the Mallampati test, modified Mallampati test, Wilson risk score, thyromental distance, sternomental distance, mouth opening test, upper lip bite test, or any combination of these
- Target conditions: difficult airway (e.g. difficult face mask ventilation, difficult laryngoscopy, difficult tracheal intubation, and failed intubation)
- Reference standards: difficult face mask ventilation, difficult laryngoscopy, difficult tracheal intubation, and failed intubation",rank below the point needed for 95% recall
CD008874,7576671,A study of radiologic imaging techniques and airway grading to predict a difficult endotracheal intubation.,"STUDY OBJECTIVES: To study whether a detailed radiographic examination of neck and upper airway can help identify normal looking patients in whom endotracheal intubation may be difficult; determine whether such parameters as identified by magnetic resonance imaging (MRI) can also be identified in a soft tissue radiograph; and to study the correlation between oropharyngeal appearance, based on Mallampati's classification, and laryngoscopic findings in a large number of patients requiring endotracheal intubation. DESIGN: Prospective. SETTING: University medical center. PATIENTS: 20 adult patients in whom an unanticipated difficult endotracheal intubation was encountered, and a control group of 20 patients in whom endotracheal intubation was easily accomplished. INTERVENTIONS: Difficult-to-intubate patients were identified according to prospectively established criteria. Control subjects, in whom the trachea was easily intubated, were matched for age, gender, height, weight, and oropharyngeal appearance. MEASUREMENTS AND MAIN RESULTS: In all 40 study patients, a soft tissue radiograph and an MRI scan of the neck were obtained. We measured 21 parameters from both radiographic studies. There were no significant differences between the two groups in 20 of 21 measured parameters on MRI scans and soft tissue radiographs. Only one measurement--the distance between the uppermost visible part of the airway and the posterior pharyngeal wall (measured from MRI scans only)--between the two groups achieved statistical significance. The values recorded from MRI and soft tissue radiographs were not significantly different. Airway grading system first suggested by Mallampati had a fair correlation with laryngoscopy findings associated with a difficult endotracheal intubation. CONCLUSIONS: No significant difference between the two groups could be identified on soft tissue radiography or MRI scans.",0.08,894,37.5052498950021,837,"- Types of studies: diagnostic test accuracy studies (case-control or consecutive series) of any individual index test, or a combination of tests, against a reference standard
- Participants: studies with adults of either sex, aged 16 years or greater, without obvious airway abnormalities who were having laryngoscopy performed with a standard laryngoscope (usually size 3 Macintosh blade) and the trachea intubated with a styletted or non-styletted tracheal tube
- Index tests: bedside tests used singly or in combination for detection of a difficult airway, e.g., including the Mallampati test, modified Mallampati test, Wilson risk score, thyromental distance, sternomental distance, mouth opening test, upper lip bite test, or any combination of these
- Target conditions: difficult airway (e.g. difficult face mask ventilation, difficult laryngoscopy, difficult tracheal intubation, and failed intubation)
- Reference standards: difficult face mask ventilation, difficult laryngoscopy, difficult tracheal intubation, and failed intubation",rank below the point needed for 95% recall
CD008874,12514157,Predicting difficult orotracheal intubation in pharyngo-laryngeal disease: preliminary results of a composite index.,"PURPOSE: Prediction of difficulty in orotracheal intubation (DI) in patients undergoing laryngeal microsurgery should help reduce the morbidity-mortality associated with this clinical situation. To establish a simple score to predict this difficulty, we studied 11 variables and their association with DI in these patients. METHODS: The study included 181 patients. The variables evaluated were: Mallampati grade, thyromental distance, mouth opening, temporomandibular joint movement, tooth morphology, maxillary deficiency, head and neck movement, receding mandible, body mass index, and clinical symptoms of laryngeal and supraglottic disease. To establish the score, regression coefficients of the statistically significant variables were used on adjusted logistic regression analysis. RESULTS: DI was present in 50 patients (28%) and orotracheal intubation was impossible in four (2%). Except for obesity, all the variables evaluated were predictive of DI. A simple predictive test was established based on logistic regression analysis including all the variables except temporomandibular joint movement. To determine the optimum cut-off for the new test, a receiver operating characteristic curve analysis was applied. A score > or = 5 in the proposed test provided a sensitivity of 94% and a specificity of 76%. CONCLUSION: The index we describe is aimed at predicting DI in a very specific population with a high risk of this complication. This index uses a series of variables which may be measured easily during the preoperative period and provides an excellent predictive capacity with a high sensitivity and specificity when the index is > or = 5.",0.08,913,38.303233935321295,837,"- Types of studies: diagnostic test accuracy studies (case-control or consecutive series) of any individual index test, or a combination of tests, against a reference standard
- Participants: studies with adults of either sex, aged 16 years or greater, without obvious airway abnormalities who were having laryngoscopy performed with a standard laryngoscope (usually size 3 Macintosh blade) and the trachea intubated with a styletted or non-styletted tracheal tube
- Index tests: bedside tests used singly or in combination for detection of a difficult airway, e.g., including the Mallampati test, modified Mallampati test, Wilson risk score, thyromental distance, sternomental distance, mouth opening test, upper lip bite test, or any combination of these
- Target conditions: difficult airway (e.g. difficult face mask ventilation, difficult laryngoscopy, difficult tracheal intubation, and failed intubation)
- Reference standards: difficult face mask ventilation, difficult laryngoscopy, difficult tracheal intubation, and failed intubation",rank below the point needed for 95% recall
CD008874,20547033,Goitre and difficulty of tracheal intubation.,"OBJECTIVES: To assess the difficulty in both laryngoscopy and tracheal intubation related to goitre and to identify factors predictive of difficult intubation due to this condition. STUDY DESIGN: Prospective observational. METHODS: We used the Intubation Difficulty Scale (IDS) in 80 consecutive patients with large goitre (defined by the inability to palpate the cricoid cartilage, the presence of endothoracic goitre, tracheal deviation of more than 1cm or tracheal stenosis on the chest x-ray) and 77 control patients. RESULTS: Cormack grades 3-4 were more frequent at initial laryngoscopy in patients with goitre (23/80 vs. 9/77; p<0.05), but the difference was no longer significant after application of an external laryngeal pressure (8/80 vs. 5/77). IDS scores (median [25th-75th percentiles]) were higher in the goitre group (1 [0 - 4]) than in the control group (0 [0 - 1]; p=0.001), corresponding to an increase in slightly difficult intubation (IDS 1-5: 36/80 vs. 15/77; p<0.05). However, incidence of moderate to major difficulty in intubation (IDS>5: 8/80 vs. 7/77) as well as time to completion of intubation were similar in both groups. Tracheal stenosis (> or =30%) and reduced mouth opening (<4.4cm) were the only significant predictors of increased difficulty in intubation in patients with a goitre. CONCLUSION: Large goitres are usually associated with slight difficulty in intubation only. Increased difficulty should be expected when severe tracheal stenosis is present on chest x-ray, especially when associated with a reduced mouth opening.",0.08,954,40.02519949601008,837,"- Types of studies: diagnostic test accuracy studies (case-control or consecutive series) of any individual index test, or a combination of tests, against a reference standard
- Participants: studies with adults of either sex, aged 16 years or greater, without obvious airway abnormalities who were having laryngoscopy performed with a standard laryngoscope (usually size 3 Macintosh blade) and the trachea intubated with a styletted or non-styletted tracheal tube
- Index tests: bedside tests used singly or in combination for detection of a difficult airway, e.g., including the Mallampati test, modified Mallampati test, Wilson risk score, thyromental distance, sternomental distance, mouth opening test, upper lip bite test, or any combination of these
- Target conditions: difficult airway (e.g. difficult face mask ventilation, difficult laryngoscopy, difficult tracheal intubation, and failed intubation)
- Reference standards: difficult face mask ventilation, difficult laryngoscopy, difficult tracheal intubation, and failed intubation",rank below the point needed for 95% recall
CD008874,20703441,[Direct laryngoscopy or C-MAC video laryngoscopy? Routine tracheal intubation in patients undergoing ENT surgery].,"BACKGROUND: Previous studies have shown that video laryngoscopy enhances laryngeal view in patients with apparently normal and difficult airways. The utility of the novel, portable, battery-powered C-MAC video laryngoscope is as yet unproven. It was hypothesized that in routine patients undergoing ENT surgery, the rate of glottic views considered unsatisfactory, i.e. Cormack and Lehane grades IIb, III, and IV, could be significantly reduced with the C-MAC video laryngoscope compared to direct laryngoscopy. METHODS: Following ethical approval and sample size estimates 108 consecutive patients undergoing ENT surgery under general anesthesia were studied. First, direct laryngoscopy was performed with the naked eye. The best view obtained was graded by the first anesthesiologist without looking at the video monitor. A second anesthesiologist blinded to the laryngeal view obtained under direct laryngoscopy graded the laryngeal view on the video monitor. Endotracheal intubation using Ring-Adair-Elwyn (RAE) tracheal tubes was then attempted under video-aided visualization. The tubes were not reinforced with a stylet. The C-MAC video laryngoscopy system (Karl Storz, Tuttlingen, Germany) is a novel device that can be used with Macintosh laryngoscope blades in different sizes. A camera and light source are located recessed from the tip of the blade. The camera unit sits in a handle attached to the laryngoscope blade and is connected by a wire to a TFT video monitor. It allows for both direct and indirect laryngoscopy and the low profile of the original British Macintosh blades may prove advantageous in patients with limited mouth opening. RESULTS: A total of 108 patients were enrolled in the study but for various reasons only 94 completed the study (post hoc power 97%). In 89 patients a size 3 Macintosh laryngoscope was used while a size 4 blade was used in the remaining 5 patients. With direct laryngoscopy the glottic view was considered unsatisfactory in 40 patients (42%), but this was the case in only 15 patients (16%) when video laryngoscopy was used (p<0.0001). Endotracheal tube placement was successful in all but one patient where the Bonfils intubation fiberscope needed to be employed. No complications related to the C-MAC system were observed. CONCLUSIONS: Compared to direct laryngoscopy with a Macintosh laryngoscope blade in unselected patients undergoing ENT surgery and thus patients more susceptible to an unexpected difficult airway than a general patient population, the mobile C-MAC video laryngoscope significantly enhanced laryngeal view. Using RAE tracheal tubes seems to compensate the unfavorable deviation of optical and anatomical axes when indirect laryngoscopy is performed with the C-MAC system.",0.07,1047,43.931121377572445,837,"- Types of studies: diagnostic test accuracy studies (case-control or consecutive series) of any individual index test, or a combination of tests, against a reference standard
- Participants: studies with adults of either sex, aged 16 years or greater, without obvious airway abnormalities who were having laryngoscopy performed with a standard laryngoscope (usually size 3 Macintosh blade) and the trachea intubated with a styletted or non-styletted tracheal tube
- Index tests: bedside tests used singly or in combination for detection of a difficult airway, e.g., including the Mallampati test, modified Mallampati test, Wilson risk score, thyromental distance, sternomental distance, mouth opening test, upper lip bite test, or any combination of these
- Target conditions: difficult airway (e.g. difficult face mask ventilation, difficult laryngoscopy, difficult tracheal intubation, and failed intubation)
- Reference standards: difficult face mask ventilation, difficult laryngoscopy, difficult tracheal intubation, and failed intubation",rank below the point needed for 95% recall
CD009044,19609662,"Comparison of scores on the Checklist for Autism Spectrum Disorder, Childhood Autism Rating Scale, and Gilliam Asperger's Disorder Scale for children with low functioning autism, high functioning autism, Asperger's disorder, ADHD, and typical development.","Reliability and validity for three autism instruments were compared for 190 children with low functioning autism (LFA), 190 children with high functioning autism or Asperger's disorder (HFA), 76 children with attention deficit hyperactivity disorder (ADHD), and 64 typical children. The instruments were the Checklist for Autism Spectrum Disorder (designed for children with LFA and HFA), Childhood Autism Rating Scale (CARS) for children with LFA, and Gilliam Asperger's Disorder Scale (GADS). For children with LFA or ADHD, classification accuracy was 100% for the Checklist and 98% for the CARS clinician scores. For children with HFA or ADHD, classification accuracy was 99% for the Checklist and 93% for the GADS clinician scores. Clinician-parent diagnostic agreement was high (90% Checklist, 90% CARS, and 84% GADS).",0.38,52,1.6098484848484849,225,"Eligible studies are: cohort studies or cross-sectional studies, randomised studies of test accuracy - participants had been randomised to different index tests and all participants had been verified by the same gold standard, and case-control studies - participants had been selected on the outcome side (i.e. a sample of patients with ASD (e.g. selected from an existing cohort) and a sample of children without ASD from a different source)
- Participants: children of preschool age suspected of having an ASD who were being seen prospectively because of concerns with social, communication, and/or behavioural problems of the type seen in autism
- Index tests: (1) parent or carer interviews: ADI-R, GARS, DISCO, 3di; (2) combination fo interview and observations of unstructured activity: CARS; or (3) semi-structured observational assessment: ADOS
- Target conditions: ASD in preschool children
- Reference standards: clinical diagnosis of ASD",Jev probability below carried-forward fixed threshold 0.50
CD009044,21610187,Evaluation of the revised algorithm of Autism Diagnostic Observation Schedule (ADOS) in the diagnostic investigation of high-functioning children and adolescents with autism spectrum disorders.,"The Autism Diagnostic Observation Schedule (ADOS) is a semi-structured, standardized assessment designed for use in diagnostic evaluation of individuals with suspected autism spectrum disorder (ASD). The ADOS has been effective in categorizing children who definitely have autism or not, but has lower specificity and sometimes sensitivity for distinguishing children with milder ASDs. Revised ADOS algorithms have been recently developed. The goals of this study were to analyze the predictive validity of different ADOS algorithms for module 3, in particular for high-functioning autism spectrum disorder. The participants were 252 children and adolescents aged between four and 16 years, with a full-scale IQ above 70 (126 with a diagnosis of ASD, 126 with a heterogeneous non-spectrum diagnosis). As a main finding, sensitivity was substantially higher for the newly developed 'revised algorithm', both for autism versus non-spectrum, as well as for the broader ASD versus non-spectrum, using the higher cut-off. The strength of the original algorithm lies in its positive predictive power, while the revised algorithm shows weaknesses in specificity for non-autism ASD. As the ADOS is valid and reliable even for higher functioning ASD, the findings of the present study have been used to make recommendations regarding the best use of ADOS algorithms in a high-functioning sample.",0.18,181,5.681818181818182,225,"Eligible studies are: cohort studies or cross-sectional studies, randomised studies of test accuracy - participants had been randomised to different index tests and all participants had been verified by the same gold standard, and case-control studies - participants had been selected on the outcome side (i.e. a sample of patients with ASD (e.g. selected from an existing cohort) and a sample of children without ASD from a different source)
- Participants: children of preschool age suspected of having an ASD who were being seen prospectively because of concerns with social, communication, and/or behavioural problems of the type seen in autism
- Index tests: (1) parent or carer interviews: ADI-R, GARS, DISCO, 3di; (2) combination fo interview and observations of unstructured activity: CARS; or (3) semi-structured observational assessment: ADOS
- Target conditions: ASD in preschool children
- Reference standards: clinical diagnosis of ASD",Jev probability below carried-forward fixed threshold 0.50
CD009044,22065253,A multisite study of the clinical diagnosis of different autism spectrum disorders.,"CONTEXT: Best-estimate clinical diagnoses of specific autism spectrum disorders (autistic disorder, pervasive developmental disorder-not otherwise specified, and Asperger syndrome) have been used as the diagnostic gold standard, even when information from standardized instruments is available. OBJECTIVE: To determine whether the relationships between behavioral phenotypes and clinical diagnoses of different autism spectrum disorders vary across 12 university-based sites. DESIGN: Multisite observational study collecting clinical phenotype data (diagnostic, developmental, and demographic) for genetic research. Classification trees were used to identify characteristics that predicted diagnosis across and within sites. SETTING: Participants were recruited through 12 university-based autism service providers into a genetic study of autism. PARTICIPANTS: A total of 2102 probands (1814 male probands) between 4 and 18 years of age (mean [SD] age, 8.93 [3.5] years) who met autism spectrum criteria on the Autism Diagnostic Interview-Revised and the Autism Diagnostic Observation Schedule and who had a clinical diagnosis of an autism spectrum disorder. MAIN OUTCOME MEASURE: Best-estimate clinical diagnoses predicted by standardized scores from diagnostic, cognitive, and behavioral measures. RESULTS: Although distributions of scores on standardized measures were similar across sites, significant site differences emerged in best-estimate clinical diagnoses of specific autism spectrum disorders. Relationships between clinical diagnoses and standardized scores, particularly verbal IQ, language level, and core diagnostic features, varied across sites in weighting of information and cutoffs. CONCLUSIONS: Clinical distinctions among categorical diagnostic subtypes of autism spectrum disorders were not reliable even across sites with well-documented fidelity using standardized diagnostic instruments. Results support the move from existing subgroupings of autism spectrum disorders to dimensional descriptions of core features of social affect and fixated, repetitive behaviors, together with characteristics such as language level and cognitive function.",0.15,225,7.070707070707071,225,"Eligible studies are: cohort studies or cross-sectional studies, randomised studies of test accuracy - participants had been randomised to different index tests and all participants had been verified by the same gold standard, and case-control studies - participants had been selected on the outcome side (i.e. a sample of patients with ASD (e.g. selected from an existing cohort) and a sample of children without ASD from a different source)
- Participants: children of preschool age suspected of having an ASD who were being seen prospectively because of concerns with social, communication, and/or behavioural problems of the type seen in autism
- Index tests: (1) parent or carer interviews: ADI-R, GARS, DISCO, 3di; (2) combination fo interview and observations of unstructured activity: CARS; or (3) semi-structured observational assessment: ADOS
- Target conditions: ASD in preschool children
- Reference standards: clinical diagnosis of ASD",Jev probability below carried-forward fixed threshold 0.50
CD011686,12675623,The usefulness of a modified adult protocol for the clearance of paediatric cervical spine injury in the emergency department.,"OBJECTIVE: To determine if the use of a modified adult protocol that uses cervical spine imaging on presentation for the assessment of cervical spine injury in children improves clinical outcome. METHODS: This is a case series study on all consecutive trauma patients presenting from April to July 2000 inclusive to the ED of a major paediatric trauma hospital. Children presenting to the ED with potential cervical spine injury (CSI) were identified using standard selection criteria. Patient demographics, mechanism of injury, method and time of presentation, associated injuries, radiological investigation and clinical outcome were recorded. The major outcome measures for this study were: time to clearance of the cervical spine, length of stay in the ED and admission to an in-hospital bed. Data were analysed for compliance to the protocol, this being the standard assessment pathway of cervical spine clearance used by our trauma service. RESULTS: The trauma registry identified 1721 trauma presentations during the 4-month study period; 208 presentations representing 200 children with potential CSI were entered into the study. Males represented 72.5% of the study population, having a mean age of 8.32 years, although 29% were less than 5 years of age. The majority of presentations (69%) occurred outside of normal working hours. In 17.8% of cases the cervical spine was cleared based on clinical assessment alone, half less than 5 years of age. Compliance to the protocol occurred in 78% of presentations. However, when examined by age group, children 5 years of age or above were 1.5 times more likely to comply with the protocol as compared with younger children. Adequate plain imaging was not obtained in 18% of presentations, this group almost exclusively less than 5 years of age. There were no missed injuries and no short or long-term neurological sequelae reported during this study. There were no differences in time to clearance, length of stay and admission rate between compliant and non-compliant groups. CONCLUSIONS: Modified adult protocols for cervical spine clearance offer guidance in managing the majority of children suffering blunt trauma. However, we recommend caution in rigidly applying such protocols, especially to children of young age.",0.43,93,0.9457236842105263,1999,"- Types of studies: studies that compared the accuracy of the NEXUS criteria or the Canadian C-spine Rule, or both, with the reference standard
- Types of studies: diagnostic studies with cross-sectional or cohort designs (retrospective or prospective), and randomized controlled trials
- Types of studies: studies that use plain radiography, computed tomography (CT) or magnetic resonance imaging (MRI) of the cervical spine as reference standards
- Participants: children between the age of 0 and 18 who underwent blunt trauma evaluation in the emergency department
- Index tests: NEXUS criteria and the Canadian C-spine Rule, or tools in which the clinical variables contained four or more elements that are also part of the NEXUS criteria or the Canadian C-spine Rule
- Target conditions: clinically-important CSI, defined as any fracture, dislocation, or ligamentous instability detectable by diagnostic imaging
- Reference standards: Radiographic imaging (plain radiography, CT or MRI or both) or clinical follow-up (if the index test was scored negative)",Jev probability below carried-forward fixed threshold 0.50
CD011686,20192648,Utility of a cervical spine clearance protocol after trauma in children between 0 and 3 years of age.,"OBJECT: Cervical spine clearance after trauma in children 0-3 years of age is deceptively difficult. Young children may not be able to communicate effectively, and severe injuries may require intubation and sedation. Currently, no published guidelines are available to aid in decision-making in these complex situations. The purpose of this study was to determine whether a safe and effective protocol-driven system could be developed for clearance of the cervical spine in noncommunicative children between 0 and 3 years of age. METHODS: Children 0-3 years of age, including intubated patients, who were admitted after trauma activation at Primary Children's Medical Center in Salt Lake City or the Children's Hospital of New York from 2002 to 2006 were managed according to a cervical spine clearance protocol. Data were collected in a prospective fashion. Radiographic and clinical methods of clearing the cervical spine, as well as the type and management of injuries, were recorded. RESULTS: A total of 2828 pediatric trauma activations required cervical spine clearance during the study period. Of these, 575 (20%) were children <or= 3 years of age who were admitted to the hospital. To facilitate clearing the cervical spine in these children, plain radiographs (100%), CT studies (14%), and MR images (10%) were obtained. Nineteen ligamentous injuries (3.3%) and 9 fractures/dislocations (1.5%) were detected, with 4 patients requiring operative stabilization (0.7%). No late injuries have been detected. CONCLUSIONS: The protocol used has been effective in detecting cervical spine injuries in noncommunicative children after trauma. The combination of clinical information and radiographic studies is essential for safely clearing the cervical spine in these complex situations. Clearance of the cervical spine without CT or MR imaging studies is possible in the majority of cases, even in very young patients.",0.4,101,1.0279605263157894,1999,"- Types of studies: studies that compared the accuracy of the NEXUS criteria or the Canadian C-spine Rule, or both, with the reference standard
- Types of studies: diagnostic studies with cross-sectional or cohort designs (retrospective or prospective), and randomized controlled trials
- Types of studies: studies that use plain radiography, computed tomography (CT) or magnetic resonance imaging (MRI) of the cervical spine as reference standards
- Participants: children between the age of 0 and 18 who underwent blunt trauma evaluation in the emergency department
- Index tests: NEXUS criteria and the Canadian C-spine Rule, or tools in which the clinical variables contained four or more elements that are also part of the NEXUS criteria or the Canadian C-spine Rule
- Target conditions: clinically-important CSI, defined as any fracture, dislocation, or ligamentous instability detectable by diagnostic imaging
- Reference standards: Radiographic imaging (plain radiography, CT or MRI or both) or clinical follow-up (if the index test was scored negative)",Jev probability below carried-forward fixed threshold 0.50
CD011686,10337876,Evaluation of pediatric cervical spine injuries.,"To compare historical features, clinical examination findings, and radiographic results among pediatric patients with cervical spine injury (CSI), a retrospective review of patients who were diagnosed with CSI was undertaken. Two main groups were identified: radiographically evident cervical spine injury (RESCI), and spinal cord injury without radiographic abnormality (SCIWORA). Demographic, historical, clinical, and radiographic information was obtained from patients' charts and analyzed to determine factors associated with CSI and to determine the efficacy of the various radiographic views. Seventy-two children, ages from 1 month to 15 years (median age, 9 yrs), were included in the study. Sports-related injuries were the most common. Forty patients had RESCI and 32 had SCIWORA. Forty-nine (80%) of all the patients had abnormal findings on neck examination, and six (16%) of the RECSI group had abnormal neurological findings. Lateral radiographs had a sensitivity for CSI of 79%; a three-view radiographic series had a sensitivity of 94%. All patients with CSI who were clinically asymptomatic had both a high-risk injury mechanism and a distracting injury. CSI should be suspected in any child with abnormal findings on neck or neurological examination. A minimum of three radiographic cervical spine views should be obtained in the evaluation of CSI in children. Even in the face of a three-view series, CSI should be suspected in patients with an abnormal neck or neurological exam, high-risk mechanism of injury, or distracting injury.",0.29,158,1.6138980263157894,1999,"- Types of studies: studies that compared the accuracy of the NEXUS criteria or the Canadian C-spine Rule, or both, with the reference standard
- Types of studies: diagnostic studies with cross-sectional or cohort designs (retrospective or prospective), and randomized controlled trials
- Types of studies: studies that use plain radiography, computed tomography (CT) or magnetic resonance imaging (MRI) of the cervical spine as reference standards
- Participants: children between the age of 0 and 18 who underwent blunt trauma evaluation in the emergency department
- Index tests: NEXUS criteria and the Canadian C-spine Rule, or tools in which the clinical variables contained four or more elements that are also part of the NEXUS criteria or the Canadian C-spine Rule
- Target conditions: clinically-important CSI, defined as any fracture, dislocation, or ligamentous instability detectable by diagnostic imaging
- Reference standards: Radiographic imaging (plain radiography, CT or MRI or both) or clinical follow-up (if the index test was scored negative)",Jev probability below carried-forward fixed threshold 0.50
CD011686,12748134,Cervical spine injuries to children under 11: should we use radiography more selectively in their initial assessment?,"OBJECTIVES: To assess the effectiveness of cervical spine radiography in injured children under 11 years old, and suggest improvements. METHODS: Retrospective survey of radiographs and accident and emergency records for children examined during a one year period in a large teaching hospital. RESULTS: No cervical spine fractures occurred in this age group during the year. The recorded clinical findings did not always justify radiography. CONCLUSIONS: Clinical examination appears undervalued by those assessing injured children and is poorly recorded. Radiography can be used more selectively. Initial assessment using a single lateral projection can be followed in doubtful cases by cross sectional imaging.",0.28,168,1.7166940789473684,1999,"- Types of studies: studies that compared the accuracy of the NEXUS criteria or the Canadian C-spine Rule, or both, with the reference standard
- Types of studies: diagnostic studies with cross-sectional or cohort designs (retrospective or prospective), and randomized controlled trials
- Types of studies: studies that use plain radiography, computed tomography (CT) or magnetic resonance imaging (MRI) of the cervical spine as reference standards
- Participants: children between the age of 0 and 18 who underwent blunt trauma evaluation in the emergency department
- Index tests: NEXUS criteria and the Canadian C-spine Rule, or tools in which the clinical variables contained four or more elements that are also part of the NEXUS criteria or the Canadian C-spine Rule
- Target conditions: clinically-important CSI, defined as any fracture, dislocation, or ligamentous instability detectable by diagnostic imaging
- Reference standards: Radiographic imaging (plain radiography, CT or MRI or both) or clinical follow-up (if the index test was scored negative)",Jev probability below carried-forward fixed threshold 0.50
CD011686,23357274,A pediatric cervical spine clearance protocol to reduce radiation exposure in children.,"BACKGROUND: To minimize radiation exposure in children and reduce resource use, we implemented an age-specific algorithm to evaluate cervical spine injuries at a Level 1 trauma center. The effects of protocol implementation on computed tomography (CT) use in children (≤ 10 y) were determined. METHODS: With institutional review board approval, we conducted a retrospective review using the institutional trauma registry. All pediatric patients (≤ 10 y) (n = 324) between January 2007 and present were reviewed. We excluded cases in which no imaging or outside imaging was performed. Patients were evaluated by physical exam alone, with the aid of plain radiograms or with cervical spine CT. All patients who required head CT also had CT of cervical spine to C3. We analyzed demographic, injury, and outcome data using STATA to perform chi-square and t-test, and to determine P value. P < 0.05 was defined as significant. We used the WinDose program to calculate the radiation-effective dose used in cervical spine CT. RESULTS: There were 123 and 124 patients in the pre-protocol and post-protocol groups, respectively. Demographics, GCS, and injury analysis, specifically head-neck and face Injury Severity Scores showed no significant difference between groups. There was a 60% (P < 0.001) decrease in the use of full CTs after protocol implementation. We estimated that the protocol reduced the exposed area by 50% and decreased the radiation dose to the thyroid by > 80%. We extrapolated the combined effect results in a threefold reduction in radiation exposure. CONCLUSIONS: Implementation of a cervical spine protocol led to a significant reduction in radiation exposure among children.",0.27,188,1.9222861842105263,1999,"- Types of studies: studies that compared the accuracy of the NEXUS criteria or the Canadian C-spine Rule, or both, with the reference standard
- Types of studies: diagnostic studies with cross-sectional or cohort designs (retrospective or prospective), and randomized controlled trials
- Types of studies: studies that use plain radiography, computed tomography (CT) or magnetic resonance imaging (MRI) of the cervical spine as reference standards
- Participants: children between the age of 0 and 18 who underwent blunt trauma evaluation in the emergency department
- Index tests: NEXUS criteria and the Canadian C-spine Rule, or tools in which the clinical variables contained four or more elements that are also part of the NEXUS criteria or the Canadian C-spine Rule
- Target conditions: clinically-important CSI, defined as any fracture, dislocation, or ligamentous instability detectable by diagnostic imaging
- Reference standards: Radiographic imaging (plain radiography, CT or MRI or both) or clinical follow-up (if the index test was scored negative)",Jev probability below carried-forward fixed threshold 0.50
CD011686,11265034,Routine cervical spine radiography for trauma victims: Does everybody need it?,"OBJECTIVE: The purpose of this study was to evaluate the indication for routine cervical spine radiography in trauma patients. METHODS: Prospective analysis of radiologic and clinical findings was performed during a 5-year period. Patients suitable for a clinical decision rule were reviewed separately. RESULTS: Of the 1,757 consecutive patients included in the study, 38 were diagnosed with a cervical spine injury. Of the 599 patients suitable for the clinical decision rule, 62 had midline cervical tenderness, including 2 with cervical spine injury. No additional cervical spine injuries were found during follow-up. CONCLUSION: It is within good practice, and it is also cost-effective, to obtain a cervical spine radiograph only on clinical parameters in trauma patients with no apparent bodily trauma and optimal parameters. With this clinical decision rule, 30.6% of all cervical spine series were redundant, and no (occult) spinal fractures would have been undetected.",0.26,201,2.0559210526315788,1999,"- Types of studies: studies that compared the accuracy of the NEXUS criteria or the Canadian C-spine Rule, or both, with the reference standard
- Types of studies: diagnostic studies with cross-sectional or cohort designs (retrospective or prospective), and randomized controlled trials
- Types of studies: studies that use plain radiography, computed tomography (CT) or magnetic resonance imaging (MRI) of the cervical spine as reference standards
- Participants: children between the age of 0 and 18 who underwent blunt trauma evaluation in the emergency department
- Index tests: NEXUS criteria and the Canadian C-spine Rule, or tools in which the clinical variables contained four or more elements that are also part of the NEXUS criteria or the Canadian C-spine Rule
- Target conditions: clinically-important CSI, defined as any fracture, dislocation, or ligamentous instability detectable by diagnostic imaging
- Reference standards: Radiographic imaging (plain radiography, CT or MRI or both) or clinical follow-up (if the index test was scored negative)",Jev probability below carried-forward fixed threshold 0.50
CD011686,11385329,Can an out-of-hospital cervical spine clearance protocol identify all patients with injuries? An argument for selective immobilization.,"STUDY OBJECTIVE: We sought to determine the sensitivity of the Fresno/Kings/Madera emergency medical services (EMS) selective spine immobilization protocol in identifying patients with potential cervical injuries. We also sought to determine whether the protocol was safe in the out-of-hospital setting. METHODS: We conducted a retrospective chart review of all patients discharged from 5 trauma-receiving hospitals in Fresno County with the diagnosis of cervical spine injury between July 1, 1990, and June 30, 1996. All of these patients transported to the hospital by EMS personnel were selected for the study group. Medical records of those patients not immobilized were further investigated to identify protocol violations or deficiencies. RESULTS: There were 861 patients with significant cervical injuries during this time span. EMS personnel brought 504 patients to the hospital, of which 495 arrived in cervical spine immobilization. Of the remaining 9 patients, 2 refused immobilization, and 2 could not be immobilized; 3 injuries were missed by the protocol criteria, and 2 injuries were missed because of protocol violations. Of these last 5 patients, 1 patient had an adverse outcome, 2 injuries were considered unstable, 4 patients were older than 67 years, and one patient was 9 months old. CONCLUSION: The Fresno/Kings/Madera EMS selective spine immobilization protocol is 99% (95% CI, 97.7% to 99.7%) sensitive in identifying patients with cervical injuries for immobilization. Those patients not identified were at extremes of age. These results suggest that selective immobilization may be safely applied in the out-of-hospital setting but should be used with caution at extremes of age.",0.26,202,2.0662006578947367,1999,"- Types of studies: studies that compared the accuracy of the NEXUS criteria or the Canadian C-spine Rule, or both, with the reference standard
- Types of studies: diagnostic studies with cross-sectional or cohort designs (retrospective or prospective), and randomized controlled trials
- Types of studies: studies that use plain radiography, computed tomography (CT) or magnetic resonance imaging (MRI) of the cervical spine as reference standards
- Participants: children between the age of 0 and 18 who underwent blunt trauma evaluation in the emergency department
- Index tests: NEXUS criteria and the Canadian C-spine Rule, or tools in which the clinical variables contained four or more elements that are also part of the NEXUS criteria or the Canadian C-spine Rule
- Target conditions: clinically-important CSI, defined as any fracture, dislocation, or ligamentous instability detectable by diagnostic imaging
- Reference standards: Radiographic imaging (plain radiography, CT or MRI or both) or clinical follow-up (if the index test was scored negative)",Jev probability below carried-forward fixed threshold 0.50
CD011686,12632349,"A multidisciplinary approach to the development of a cervical spine clearance protocol: process, rationale, and initial results.","BACKGROUND/PURPOSE: Assessment of potential spine injuries is inconsistent and controversial. Subsequent morbidity includes prolonged immobilization and missed injuries. To address these issues, a multidisciplinary team was organized to design a cervical spine management/clearance pathway. The process, algorithm, and initial results are described. METHODS: Team members consisted of pediatric surgeons, orthopedic surgeons, neurosurgeons, emergency room physicians, and trauma nurse practitioners. Nationwide standards, guidelines, and experiences across disciplines were reviewed, and a consensus pathway evolved for cervical spine clearance in children 8 years and younger. A short-term retrospective review (5 months) was performed to assess initial performance. Time required for clearance, number and type of imaging studies, and number of missed injuries were compared between a group of patients before (n = 71) and after (n = 56) the implementation of the pathway. RESULTS: Strict guidelines for cervical spine immobilization and clearance criteria were defined. After implementation of this pathway, time required for cervical clearance in nonintubated children decreased (before, 12.3 +/- 1.5 v after, 7.5 +/- 0.9 hours; P =.014). A clear trend toward earlier clearance in intubated patients existed (before [n = 6], 40.0 +/- 16.8 v after [n = 6], 19.4 +/- 8.1 hours; P =.10); there need to be larger numbers to determine statistical significance. The 2 study groups were similar in age; mechanism of injury; Glasgow coma scale score; and number of plain x-rays, computed tomography scans, and magnetic resonance imaging studies obtained. Neither group had missed injuries. CONCLUSIONS: standards for cervical spine immobilization, assessment, and clearance. Implementation of such guidelines decreased time for cervical spine clearance, and ongoing analysis of sensitivity is encouraging.",0.21,273,2.7960526315789473,1999,"- Types of studies: studies that compared the accuracy of the NEXUS criteria or the Canadian C-spine Rule, or both, with the reference standard
- Types of studies: diagnostic studies with cross-sectional or cohort designs (retrospective or prospective), and randomized controlled trials
- Types of studies: studies that use plain radiography, computed tomography (CT) or magnetic resonance imaging (MRI) of the cervical spine as reference standards
- Participants: children between the age of 0 and 18 who underwent blunt trauma evaluation in the emergency department
- Index tests: NEXUS criteria and the Canadian C-spine Rule, or tools in which the clinical variables contained four or more elements that are also part of the NEXUS criteria or the Canadian C-spine Rule
- Target conditions: clinically-important CSI, defined as any fracture, dislocation, or ligamentous instability detectable by diagnostic imaging
- Reference standards: Radiographic imaging (plain radiography, CT or MRI or both) or clinical follow-up (if the index test was scored negative)",Jev probability below carried-forward fixed threshold 0.50
CD011686,1443841,Low-risk criteria for cervical-spine radiography in blunt trauma: a prospective study.,"STUDY HYPOTHESIS: Cervical-spine radiography does not need to be performed on selected blunt trauma patients who are awake, alert, nonintoxicated, do not complain of midline neck pain, and have no tenderness over the bony cervical spine. STUDY POPULATION: One thousand consecutive patients seen in the UCLA Emergency Medicine Center with a chief complaint of blunt trauma, for whom cervical-spine films were ordered and for whom prospective data questionnaires were completed. METHODS: Clinicians completed data forms for each patient before radiograph results were known. Data items included mechanism of injury, evidence of intoxication, presence of cervical-spine pain and/or tenderness, level of alertness, presence of focal neurologic deficits, and presence of other severely painful injuries unrelated to the cervical spine. Physicians were also asked to estimate likelihood of significant cervical-spine injury. RESULTS: Twenty-seven patients with cervical-spine fracture were among the 974 patients for whom data forms were completed. A number of findings were statistically more common in the group of patients with fracture than without, but no single or paired findings identified all patients with fracture. All 27 patients with fracture had at least one of the following four characteristics: midline neck tenderness, evidence of intoxication, altered level of alertness, or a severely painful injury elsewhere. Three hundred fifty-three of 947 (37.3%) patients without cervical-spine fracture had none of these findings. CONCLUSION: Cervical-spine radiology may not be necessary in patients without spinous tenderness in the neck, intoxication, altered level of alertness, or other severely painful injury. A policy to limit films in such patients would have decreased film ordering by more than one third in this series, while identifying all patients with fracture.",0.2,284,2.909128289473684,1999,"- Types of studies: studies that compared the accuracy of the NEXUS criteria or the Canadian C-spine Rule, or both, with the reference standard
- Types of studies: diagnostic studies with cross-sectional or cohort designs (retrospective or prospective), and randomized controlled trials
- Types of studies: studies that use plain radiography, computed tomography (CT) or magnetic resonance imaging (MRI) of the cervical spine as reference standards
- Participants: children between the age of 0 and 18 who underwent blunt trauma evaluation in the emergency department
- Index tests: NEXUS criteria and the Canadian C-spine Rule, or tools in which the clinical variables contained four or more elements that are also part of the NEXUS criteria or the Canadian C-spine Rule
- Target conditions: clinically-important CSI, defined as any fracture, dislocation, or ligamentous instability detectable by diagnostic imaging
- Reference standards: Radiographic imaging (plain radiography, CT or MRI or both) or clinical follow-up (if the index test was scored negative)",Jev probability below carried-forward fixed threshold 0.50
CD011686,19820570,Developing a spinal clearance protocol for unconscious pediatric trauma patients.,"BACKGROUND: Spinal injury in pediatric trauma is associated with significant morbidity and mortality, but no current consensus exists on the safest and most effective method of clearance in the high-risk pediatric trauma patient. METHODS: A retrospective analysis was performed on the records of 115 pediatric patients who had suffered major trauma and required admission to the pediatric intensive care unit of a United Kingdom level I trauma centre during a 7-year period from January 2000 to December 2006. The spinal imaging performed, and methods of clearance for each spinal region were obtained from analysis of written and electronic medical documentation. RESULTS: In the cohort of 115 patients, there was a male predominance (63%) with motor vehicle accidents as the major mechanism of injury (63.5%). Ten patients (8.7%) were identified with spinal injuries, all of whom had sustained closed head injuries. Two of these patients had spinal cord injuries; one subsequently died. Spinal injury resulted in longer intubation times and intensive care stays, but no difference in new injury severity score or outcome. Clearance methods ranged from clinical examination to imaging with radiographs, computed tomography (CT), and dynamic screening. Magnetic resonance imaging was used as a secondary modality in two cases only, and in neither case was it used for clearance. CT demonstrated 100% specificity and sensitivity with positive and negative predictive values of 1 for all spinal regions. There were no cases of Spinal Cord Injury WithOut Radiologic Abnormality and no evidence of missed injuries. CONCLUSIONS: There is a need for an evidence-based protocol for the clearance of the spine in the obtunded and high-risk pediatric trauma patient. High-resolution CT with sagittal and coronal reconstructions should be the basis for cervical spinal clearance, in combination with the interpretation of films by an expert radiologist. All spinal regions should be imaged, and clearance should be formally documented. The role of magnetic resonance imaging in routine clearance remains controversial. Multicenter prospective studies are needed to develop consensus for an evidenced-based protocol for clearance in this high-risk group.",0.19,321,3.289473684210526,1999,"- Types of studies: studies that compared the accuracy of the NEXUS criteria or the Canadian C-spine Rule, or both, with the reference standard
- Types of studies: diagnostic studies with cross-sectional or cohort designs (retrospective or prospective), and randomized controlled trials
- Types of studies: studies that use plain radiography, computed tomography (CT) or magnetic resonance imaging (MRI) of the cervical spine as reference standards
- Participants: children between the age of 0 and 18 who underwent blunt trauma evaluation in the emergency department
- Index tests: NEXUS criteria and the Canadian C-spine Rule, or tools in which the clinical variables contained four or more elements that are also part of the NEXUS criteria or the Canadian C-spine Rule
- Target conditions: clinically-important CSI, defined as any fracture, dislocation, or ligamentous instability detectable by diagnostic imaging
- Reference standards: Radiographic imaging (plain radiography, CT or MRI or both) or clinical follow-up (if the index test was scored negative)",Jev probability below carried-forward fixed threshold 0.50
CD011686,20809342,Application of imaging guidelines in patients with suspected cervical spine trauma: retrospective analysis and literature review.,"Safe and efficient clearance of cervical spine injury in blunt trauma patients has been a controversial topic among health professionals. The increased availability of CT scanners in major trauma centers seems to be a factor that has led to increased number of unnecessary cervical spine imaging using this imaging modality. The objective of this study was to investigate the applicability and efficacy of a pre-test clinical criterion in order to stratify post-blunt trauma victims based on their risk of sustaining cervical spine injury and in turn recommend an appropriate imaging modality accordingly. Goergen's criteria (Australas Radiol 48(3):287, 2004), a pre-investigation diagnostic algorithm was retrospectively applied to 106 blunt trauma victims who presented to a level 1 trauma center in Sydney, Australia, and had a CT scan of cervical spine as part of their initial management. Overall, nine (8.5%) of patients sustained a significant cervical spine injury. All nine patients would be classified as high-risk victims according to the algorithm investigated in this study, warranting CT scanning. No patients with low-risk injuries were demonstrated to have a significant cervical spine injury. There was a statistically significant greater proportion of acute cervical spine injuries detected in the high-risk group (p value = 0.0024). Hence, using Goergen's diagnostic algorithm could reduce the number of unnecessary cervical spine CT scans ordered, while not compromising the quality of care in post-blunt trauma victims.",0.17,395,4.050164473684211,1999,"- Types of studies: studies that compared the accuracy of the NEXUS criteria or the Canadian C-spine Rule, or both, with the reference standard
- Types of studies: diagnostic studies with cross-sectional or cohort designs (retrospective or prospective), and randomized controlled trials
- Types of studies: studies that use plain radiography, computed tomography (CT) or magnetic resonance imaging (MRI) of the cervical spine as reference standards
- Participants: children between the age of 0 and 18 who underwent blunt trauma evaluation in the emergency department
- Index tests: NEXUS criteria and the Canadian C-spine Rule, or tools in which the clinical variables contained four or more elements that are also part of the NEXUS criteria or the Canadian C-spine Rule
- Target conditions: clinically-important CSI, defined as any fracture, dislocation, or ligamentous instability detectable by diagnostic imaging
- Reference standards: Radiographic imaging (plain radiography, CT or MRI or both) or clinical follow-up (if the index test was scored negative)",Jev probability below carried-forward fixed threshold 0.50
CD011686,15568161,Adequacy of plain radiography in the diagnosis of cervical spine injuries.,"Our hypotheses were (1) that plain radiography of the cervical spine in the evaluation of low risk patients with minor blunt trauma is accurate and (2) that computed tomography (CT) of the cervical spine in the evaluation of low risk patients is unnecessary. This study evaluates those hypotheses. We prospectively recorded findings of all patients with blunt trauma who underwent imaging over a period of 70 days. Injury status was determined by review of all radiographic studies obtained on each patient. Chart reviews were performed to determine mechanism of injury and neurological status. Patients were divided into three groups: very low risk, low risk, and high risk. Study end point was fracture. The study included 219 patients. The very low risk group had 107 patients, none of whom had fractures found on CT (projected specificity of plain radiography: 100%). The low risk group contained 78 patients who had no fractures seen on plain radiography or CT (specificity of plain radiography and CT: 100%). The high risk group consisted of 34 patients; 15 had fractures demonstrated on CT. Plain radiography missed one fracture out of 15. In low risk patients, plain radiography is an efficient diagnostic exam with a specificity of 100%. In high risk patients, plain radiography is a good adjunctive screening exam in conjunction with CT scan, with a sensitivity of 93.3% and specificity of 95%.",0.16,433,4.440789473684211,1999,"- Types of studies: studies that compared the accuracy of the NEXUS criteria or the Canadian C-spine Rule, or both, with the reference standard
- Types of studies: diagnostic studies with cross-sectional or cohort designs (retrospective or prospective), and randomized controlled trials
- Types of studies: studies that use plain radiography, computed tomography (CT) or magnetic resonance imaging (MRI) of the cervical spine as reference standards
- Participants: children between the age of 0 and 18 who underwent blunt trauma evaluation in the emergency department
- Index tests: NEXUS criteria and the Canadian C-spine Rule, or tools in which the clinical variables contained four or more elements that are also part of the NEXUS criteria or the Canadian C-spine Rule
- Target conditions: clinically-important CSI, defined as any fracture, dislocation, or ligamentous instability detectable by diagnostic imaging
- Reference standards: Radiographic imaging (plain radiography, CT or MRI or both) or clinical follow-up (if the index test was scored negative)",Jev probability below carried-forward fixed threshold 0.50
CD011686,23042928,"Screening cervical spine CT in the emergency department, Phase 2: A prospective assessment of use.","BACKGROUND AND PURPOSE: The National Emergency X-Radiography Utilization Study Low-Risk Criteria were established to identify patients with a low probability of cervical spine injury in whom imaging of the cervical spine was unnecessary. The purpose of this study was to ascertain the number of unnecessary cervical spine CT studies on the basis of proper application of established clinical guidelines and, secondarily, to determine indications for ordering studies in the absence of guideline criteria. MATERIALS AND METHODS: All patients presenting to a level I trauma center for whom a screening cervical spine CT was ordered in the setting of blunt trauma were eligible for enrollment. For each study, the requesting clinician completed a survey regarding study indications. CT examinations were evaluated by a board-certified radiologist blinded to survey data to determine the presence or absence of cervical spine injury. RESULTS: Of 507 CT examinations, 5 (1%) were positive and 497 (98.0%) were negative for acute cervical spine injury. Five studies (1%) were indeterminate for acute injury but demonstrated no abnormality on subsequent imaging and clinical follow-up. Of the 502 studies without cervical spine injury, 81 (16.1%) were imaged despite meeting all 5 NEXUS criteria for nonimaging. Of these, the most common study indication was dangerous mechanism of injury (48.1%) followed by subjective neck pain (40.7%). CONCLUSIONS: Strict application of NEXUS criteria could potentially reduce the number of screening cervical spine CT scans in the setting of blunt trauma; this change would avoid a considerable amount of unnecessary radiation and cost.",0.16,446,4.574424342105263,1999,"- Types of studies: studies that compared the accuracy of the NEXUS criteria or the Canadian C-spine Rule, or both, with the reference standard
- Types of studies: diagnostic studies with cross-sectional or cohort designs (retrospective or prospective), and randomized controlled trials
- Types of studies: studies that use plain radiography, computed tomography (CT) or magnetic resonance imaging (MRI) of the cervical spine as reference standards
- Participants: children between the age of 0 and 18 who underwent blunt trauma evaluation in the emergency department
- Index tests: NEXUS criteria and the Canadian C-spine Rule, or tools in which the clinical variables contained four or more elements that are also part of the NEXUS criteria or the Canadian C-spine Rule
- Target conditions: clinically-important CSI, defined as any fracture, dislocation, or ligamentous instability detectable by diagnostic imaging
- Reference standards: Radiographic imaging (plain radiography, CT or MRI or both) or clinical follow-up (if the index test was scored negative)",Jev probability below carried-forward fixed threshold 0.50
CD011686,14695411,The Canadian C-spine rule versus the NEXUS low-risk criteria in patients with trauma.,"BACKGROUND: The Canadian C-Spine (cervical-spine) Rule (CCR) and the National Emergency X-Radiography Utilization Study (NEXUS) Low-Risk Criteria (NLC) are decision rules to guide the use of cervical-spine radiography in patients with trauma. It is unclear how the two decision rules compare in terms of clinical performance. METHODS: We conducted a prospective cohort study in nine Canadian emergency departments comparing the CCR and NLC as applied to alert patients with trauma who were in stable condition. The CCR and NLC were interpreted by 394 physicians for patients before radiography. RESULTS: Among the 8283 patients, 169 (2.0 percent) had clinically important cervical-spine injuries. In 845 (10.2 percent) of the patients, physicians did not evaluate range of motion as required by the CCR algorithm. In analyses that excluded these indeterminate cases, the CCR was more sensitive than the NLC (99.4 percent vs. 90.7 percent, P<0.001) and more specific (45.1 percent vs. 36.8 percent, P<0.001) for injury, and its use would have resulted in lower radiography rates (55.9 percent vs. 66.6 percent, P<0.001). In secondary analyses that included all patients, the sensitivity and specificity of CCR, assuming that the indeterminate cases were all positive, were 99.4 percent and 40.4 percent, respectively (P<0.001 for both comparisons with the NLC). Assuming that the CCR was negative for all indeterminate cases, these rates were 95.3 percent (P=0.09 for the comparison with the NLC) and 50.7 percent (P=0.001). The CCR would have missed 1 patient and the NLC would have missed 16 patients with important injuries. CONCLUSIONS: For alert patients with trauma who are in stable condition, the CCR is superior to the NLC with respect to sensitivity and specificity for cervical-spine injury, and its use would result in reduced rates of radiography.",0.15,491,5.037006578947368,1999,"- Types of studies: studies that compared the accuracy of the NEXUS criteria or the Canadian C-spine Rule, or both, with the reference standard
- Types of studies: diagnostic studies with cross-sectional or cohort designs (retrospective or prospective), and randomized controlled trials
- Types of studies: studies that use plain radiography, computed tomography (CT) or magnetic resonance imaging (MRI) of the cervical spine as reference standards
- Participants: children between the age of 0 and 18 who underwent blunt trauma evaluation in the emergency department
- Index tests: NEXUS criteria and the Canadian C-spine Rule, or tools in which the clinical variables contained four or more elements that are also part of the NEXUS criteria or the Canadian C-spine Rule
- Target conditions: clinically-important CSI, defined as any fracture, dislocation, or ligamentous instability detectable by diagnostic imaging
- Reference standards: Radiographic imaging (plain radiography, CT or MRI or both) or clinical follow-up (if the index test was scored negative)",Jev probability below carried-forward fixed threshold 0.50
CD011686,8614078,Radiographic cervical spine evaluation in the alert asymptomatic blunt trauma victim: much ado about nothing.,"OBJECTIVE: To evaluate the hypothesis that alert nonintoxicated trauma patients with negative clinical examinations are at no risk of cervical spine injury and do not need any radiographic investigation. DESIGN: Prospective study. SETTING: A university-affiliated teaching county hospital. PATIENTS: Five hundred and forty-nine consecutive alert, oriented, and clinically nonintoxicated blunt trauma victims with no neck symptoms. RESULTS: All patients had negative clinical neck examinations. After radiographic assessment, no cervical spine injuries were identified. Less than half the patients could be evaluated adequately with the three standard initial views (anteroposterior, lateral, and odontoid). All the rest needed more radiographs and/or computed tomographic scans. A total of 2,27 cervical spine radiographs, 78 computed tomographic scans and magnetic resonance imagings were performed. Seventeen patients stayed one day in the hospital for no other reason but radiographic clearance of an asymptomatic neck. The total cost for x-rays and extra hospital days was $242,000. These patients stayed in the collar for an average of 3.3 hours (range, 0.5-72 hours). There was never an injury missed. CONCLUSIONS: Clinical examination alone can reliably assess all blunt trauma patients who are alert, nonintoxicated, and report no neck symptoms. In the absence of any palpation or motion neck tenderness during examination, the patient may be released from cervical spine precautions without any radiographic investigations.",0.14,535,5.489309210526316,1999,"- Types of studies: studies that compared the accuracy of the NEXUS criteria or the Canadian C-spine Rule, or both, with the reference standard
- Types of studies: diagnostic studies with cross-sectional or cohort designs (retrospective or prospective), and randomized controlled trials
- Types of studies: studies that use plain radiography, computed tomography (CT) or magnetic resonance imaging (MRI) of the cervical spine as reference standards
- Participants: children between the age of 0 and 18 who underwent blunt trauma evaluation in the emergency department
- Index tests: NEXUS criteria and the Canadian C-spine Rule, or tools in which the clinical variables contained four or more elements that are also part of the NEXUS criteria or the Canadian C-spine Rule
- Target conditions: clinically-important CSI, defined as any fracture, dislocation, or ligamentous instability detectable by diagnostic imaging
- Reference standards: Radiographic imaging (plain radiography, CT or MRI or both) or clinical follow-up (if the index test was scored negative)",Jev probability below carried-forward fixed threshold 0.50
CD011686,9422206,Are cervical spine X-rays mandatory in all blunt trauma patients?,"Traumatic cervical spine injuries can result in severe disability or death unless promptly diagnosed and treated. Advanced trauma life support guidelines recommend that three-view cervical spine X-rays should be obtained routinely in all blunt trauma patients. In this retrospective study, we evaluated whether cervical spine X-rays are indeed necessary in all such patients. The study comprised those patients who were conscious, fully orientated, co-operative and non-intoxicated. Among the 303 blunt trauma patients seen at our emergency department between January and December 1993, a total of 267 patients had well-written charts and met our inclusion criteria. Thirteen (5%) patients who complained of neck pain or had neck tenderness on initial examination were found to harbour cervical spine injuries. Of those patients sustaining cervical spine injuries, examination of three (23%) disclosed abnormal neurological findings. On the other hand, none of the patients without neck pain and tenderness were found to have cervical spine injury. We conclude that pain and/or tenderness in the neck area are valid criteria with regard to the timely diagnosis of cervical spine injuries, and that routine cervical spine X-rays may be unnecessary for those blunt trauma patients who are conscious, fully orientated, co-operative, non-intoxicated, exhibit no neurological deficits and who do not have neck pain or tenderness. Omitting cervical X-rays speeds up patient evaluation, protects the department staff from unnecessary exposure to ionizing radiation and mitigates treatment costs, while maintaining the quality of the healthcare provided.",0.14,537,5.509868421052632,1999,"- Types of studies: studies that compared the accuracy of the NEXUS criteria or the Canadian C-spine Rule, or both, with the reference standard
- Types of studies: diagnostic studies with cross-sectional or cohort designs (retrospective or prospective), and randomized controlled trials
- Types of studies: studies that use plain radiography, computed tomography (CT) or magnetic resonance imaging (MRI) of the cervical spine as reference standards
- Participants: children between the age of 0 and 18 who underwent blunt trauma evaluation in the emergency department
- Index tests: NEXUS criteria and the Canadian C-spine Rule, or tools in which the clinical variables contained four or more elements that are also part of the NEXUS criteria or the Canadian C-spine Rule
- Target conditions: clinically-important CSI, defined as any fracture, dislocation, or ligamentous instability detectable by diagnostic imaging
- Reference standards: Radiographic imaging (plain radiography, CT or MRI or both) or clinical follow-up (if the index test was scored negative)",Jev probability below carried-forward fixed threshold 0.50
CD011686,11003322,Evaluation of the acute cervical spine: a management algorithm.,"BACKGROUND: Safe, efficient, and cost-effective evaluation of the spine is the goal in the trauma setting. At our Level I trauma facility, the trauma service, emergency medicine, radiology, anesthesia, and the spine service combined individual concerns into one agreed-upon clearance protocol. Here, we present the effectiveness of a new cervical spine clearance protocol. METHODS: A retrospective review was initiated of all trauma patients evaluated in a Level I trauma center the year before and after implementation of a new cervical spine protocol to determine the incidence of missed cervical injuries. An additional 6 months were reviewed to detect any missed injuries late in the study period. RESULTS: During the 2-year study period, 4,460 patients presented to the emergency room with some form of cervical spine precautions. Blunt trauma comprised 90% of the study population. According to the protocol, approximately 45% required further cervical radiographs after presentation. In the preprotocol year, 77 of 2,217 (3.4%) patients were diagnosed with cervical spine injuries, 16 of 77 (21%) with multiple level of injuries, and 25 of 77 (32%) with neurologic compromise. Three of 2,217 patients had missed cervical spine injuries on their initial evaluations. In the postprotocol year, 84 of 2,243 (3.4%) patients had cervical injuries, 25 of 84 (30%) with multiple levels of injuries and 28 of 84 (28%) with neurologic compromise. No patient evaluated during the protocol year was missed. All statistics between the two groups were not significant. CONCLUSION: The current protocol by risk stratifying patients on presentation is effective in assessing patients for cervical spine injuries.",0.14,541,5.550986842105263,1999,"- Types of studies: studies that compared the accuracy of the NEXUS criteria or the Canadian C-spine Rule, or both, with the reference standard
- Types of studies: diagnostic studies with cross-sectional or cohort designs (retrospective or prospective), and randomized controlled trials
- Types of studies: studies that use plain radiography, computed tomography (CT) or magnetic resonance imaging (MRI) of the cervical spine as reference standards
- Participants: children between the age of 0 and 18 who underwent blunt trauma evaluation in the emergency department
- Index tests: NEXUS criteria and the Canadian C-spine Rule, or tools in which the clinical variables contained four or more elements that are also part of the NEXUS criteria or the Canadian C-spine Rule
- Target conditions: clinically-important CSI, defined as any fracture, dislocation, or ligamentous instability detectable by diagnostic imaging
- Reference standards: Radiographic imaging (plain radiography, CT or MRI or both) or clinical follow-up (if the index test was scored negative)",Jev probability below carried-forward fixed threshold 0.50
CD011686,16096560,Cervical spine clearance in blunt trauma: evaluation of a computed tomography-based protocol.,"BACKGROUND: Prompt identification of cervical spine injuries has been a critical issue in trauma management. In 1998, the authors developed a new protocol to evaluate cervical spines in blunt trauma. This protocol relies on clinical clearance for appropriate patients and helical computed tomography instead of plain radiographs for patients who cannot be clinically cleared. The authors then prospectively collected data on all cervical spine evaluations to assess the sensitivity and specificity of their approach. METHODS: Any patient without clinical evidence of neurologic injury, alcohol or drug intoxication, or distracting injury underwent cervical spine evaluation by clinical examination. Patients who did not meet these criteria underwent helical computed tomographic scanning of the entire cervical spine. For patients who had neurologic deficits, a magnetic resonance image was obtained. If the patient was not evaluable secondary to coma, the computed tomographic scan was without abnormality, and the patient was moving all four extremities at arrival in the emergency department, the cervical spine was cleared, and spinal precautions were removed. Data were collected for all patients admitted to Santa Barbara Cottage Hospital trauma service between 1999 and 2002. The authors selected for analysis patients with blunt trauma and further identified those with closed head injuries (Glasgow Coma Scale score < 15 and loss of consciousness). In addition, all blunt cervical spine injuries were reviewed. RESULTS: During the period of study, 2,854 trauma patients were admitted, of whom 2,603 (91%) had blunt trauma. Of these, 1,462 (56%) had closed head injuries. One hundred patients (7% of patients admitted for blunt trauma) had cervical spine or spinal cord injuries, of which 99 were identified by the authors' protocol. Only one injury was not appreciated in a patient with syringomyelia. Fifteen percent of patients with spinal cord injury had no radiographic abnormality; all of these patients presented with neurologic deficits. The sensitivity for detecting cervical spine injury was thus 99%, and the specificity was 100%. The risk of missing a cervical spine injury in these blunt trauma patients was 0.04%. The authors missed no spine injuries in patients with head injuries. CONCLUSION: The use of the authors' protocol resulted in excellent sensitivity and specificity in detecting cervical spine injuries. In addition, it allowed early removal of spinal precautions.",0.14,552,5.6640625,1999,"- Types of studies: studies that compared the accuracy of the NEXUS criteria or the Canadian C-spine Rule, or both, with the reference standard
- Types of studies: diagnostic studies with cross-sectional or cohort designs (retrospective or prospective), and randomized controlled trials
- Types of studies: studies that use plain radiography, computed tomography (CT) or magnetic resonance imaging (MRI) of the cervical spine as reference standards
- Participants: children between the age of 0 and 18 who underwent blunt trauma evaluation in the emergency department
- Index tests: NEXUS criteria and the Canadian C-spine Rule, or tools in which the clinical variables contained four or more elements that are also part of the NEXUS criteria or the Canadian C-spine Rule
- Target conditions: clinically-important CSI, defined as any fracture, dislocation, or ligamentous instability detectable by diagnostic imaging
- Reference standards: Radiographic imaging (plain radiography, CT or MRI or both) or clinical follow-up (if the index test was scored negative)",Jev probability below carried-forward fixed threshold 0.50
CD011686,2920074,Incidence of cervical spine injuries in association with blunt head trauma.,"To establish an incidence of cervical spine injuries in significant blunt head trauma and to evaluate the necessity of using cervical radiography, all consecutive cases of blunt head trauma admitted to the trauma service over a 7-month period were reviewed. Two hundred twenty-eight charts were reviewed for demographic information, circumstance of injury, complaints and physical findings referable to the cervical spine, presenting level of consciousness, severity of head injury, and cervical spine radiographic findings. Only three patients were found to have cervical spine injuries, for an incidence of 1.7%. Of the 122 alert and asymptomatic patients, none had cervical spine injury. The patient population was defined, yet the very low incidence of cervical spine injuries associated with blunt head trauma in this study precludes any identification of predictors. Nevertheless, the results suggest that alert and asymptomatic patients can be spared cervical spine radiography.",0.13,567,5.818256578947368,1999,"- Types of studies: studies that compared the accuracy of the NEXUS criteria or the Canadian C-spine Rule, or both, with the reference standard
- Types of studies: diagnostic studies with cross-sectional or cohort designs (retrospective or prospective), and randomized controlled trials
- Types of studies: studies that use plain radiography, computed tomography (CT) or magnetic resonance imaging (MRI) of the cervical spine as reference standards
- Participants: children between the age of 0 and 18 who underwent blunt trauma evaluation in the emergency department
- Index tests: NEXUS criteria and the Canadian C-spine Rule, or tools in which the clinical variables contained four or more elements that are also part of the NEXUS criteria or the Canadian C-spine Rule
- Target conditions: clinically-important CSI, defined as any fracture, dislocation, or ligamentous instability detectable by diagnostic imaging
- Reference standards: Radiographic imaging (plain radiography, CT or MRI or both) or clinical follow-up (if the index test was scored negative)",Jev probability below carried-forward fixed threshold 0.50
CD011686,6476515,Cervical radiographic evaluation of alert patients following blunt trauma.,"The records of 333 consecutive alert patients admitted to a trauma service for neurologic observation after sustaining significant blunt head trauma were reviewed. All patients had class I level of consciousness (alert, responds immediately to questions, may be disoriented and confused, follows complex commands); those with significant acute alcohol and/or drug intoxication were excluded from this study. Cervical spine injury did not correlate with the presence of major concomitant injuries, skull fractures, or major intracranial injuries. Cervical spine injury correlated only with the presence of signs and/or symptoms of cervical injury. This correlation was highly significant (P less than .05). Five of the 42 patients (11%) with signs and/or symptoms of cervical injury had cervical spine fractures. No patient without signs and/or symptoms of cervical injury had a cervical spine injury. These findings suggest that among alert patients with class I level of consciousness who have sustained blunt injury, only those who present with signs and/or symptoms of cervical injury require cervical radiographic evaluation.",0.13,596,6.116365131578948,1999,"- Types of studies: studies that compared the accuracy of the NEXUS criteria or the Canadian C-spine Rule, or both, with the reference standard
- Types of studies: diagnostic studies with cross-sectional or cohort designs (retrospective or prospective), and randomized controlled trials
- Types of studies: studies that use plain radiography, computed tomography (CT) or magnetic resonance imaging (MRI) of the cervical spine as reference standards
- Participants: children between the age of 0 and 18 who underwent blunt trauma evaluation in the emergency department
- Index tests: NEXUS criteria and the Canadian C-spine Rule, or tools in which the clinical variables contained four or more elements that are also part of the NEXUS criteria or the Canadian C-spine Rule
- Target conditions: clinically-important CSI, defined as any fracture, dislocation, or ligamentous instability detectable by diagnostic imaging
- Reference standards: Radiographic imaging (plain radiography, CT or MRI or both) or clinical follow-up (if the index test was scored negative)",Jev probability below carried-forward fixed threshold 0.50
CD011686,7796772,Evaluation of the use of plain cervical spine radiography in patients with head injury.,"The records of 457 head trauma patients who underwent plain cervical spine radiography following head injury between January 1991 and December 1991 inclusive were reviewed. Seventy-six patients (17%) all above ten years of age had abnormalities; forty five were clinically suspected to have cervical spine injury because of cervical tenderness and/or neurological deficits and in the remaining thirty-one patients the cervical spine injuries were detected first on plain radiograph. The 31 vertebral injuries consisted off fracture-dislocations 12 fractures, 4 dislocations and one odontoid fracture. None of the 235 patients below the age of 10 years had cervical vertebral or cord injury. It is recommended that plain cervical spine radiography be performed on all patients with head injury associated with altered level of consciousness and who are above ten years of age.",0.13,604,6.198601973684211,1999,"- Types of studies: studies that compared the accuracy of the NEXUS criteria or the Canadian C-spine Rule, or both, with the reference standard
- Types of studies: diagnostic studies with cross-sectional or cohort designs (retrospective or prospective), and randomized controlled trials
- Types of studies: studies that use plain radiography, computed tomography (CT) or magnetic resonance imaging (MRI) of the cervical spine as reference standards
- Participants: children between the age of 0 and 18 who underwent blunt trauma evaluation in the emergency department
- Index tests: NEXUS criteria and the Canadian C-spine Rule, or tools in which the clinical variables contained four or more elements that are also part of the NEXUS criteria or the Canadian C-spine Rule
- Target conditions: clinically-important CSI, defined as any fracture, dislocation, or ligamentous instability detectable by diagnostic imaging
- Reference standards: Radiographic imaging (plain radiography, CT or MRI or both) or clinical follow-up (if the index test was scored negative)",Jev probability below carried-forward fixed threshold 0.50
CD011686,11717095,Using CT of the cervical spine for early evaluation of pediatric patients with head trauma.,"OBJECTIVE: The purpose of this study was to assess the effectiveness of CT of the cervical spine in addition to radiography in pediatric patients with suspected head trauma at the time of the CT head examination. MATERIALS AND METHODS: We identified 63 pediatric patients admitted to the emergency department who had head trauma and who underwent both head CT and neck radiography. Those who underwent CT of the cervical spine at the time of the head CT examination during their initial evaluation were compared for demographics, clinical status, mechanism of injury, and number of excess radiographs (number required by protocol minus number of films obtained) required to evaluate the cervical spine with those patients who did not undergo early CT of the cervical spine. RESULTS: Twenty-one patients (33%) underwent cervical spine CT at the time of the head CT examination. The number of excess radiographs differed significantly between these patients (2.1 +/- 2.6 vs 3.6 +/- 2.7, p = 0.04) and the comparison group. Patients who did not undergo early CT for whom excess radiographs were obtained had the following characteristics: they were older than 8 years (p = 0.03), were unrestrained in a motor vehicle crash (p = 0.04), had a Glasgow coma score of 13-15 (p = 0.01), and were intubated (p = 0.02). CONCLUSION: The number of repeated radiographs required to ascertain that the cervical spine is free of injury after suspected head trauma is significantly fewer when initial CT of the neck is performed at the time of head CT examination. Including cervical spine CT in trauma protocols for subgroups of children with head injuries may lead to more effective clearance of the pediatric cervical spine.",0.13,613,6.291118421052632,1999,"- Types of studies: studies that compared the accuracy of the NEXUS criteria or the Canadian C-spine Rule, or both, with the reference standard
- Types of studies: diagnostic studies with cross-sectional or cohort designs (retrospective or prospective), and randomized controlled trials
- Types of studies: studies that use plain radiography, computed tomography (CT) or magnetic resonance imaging (MRI) of the cervical spine as reference standards
- Participants: children between the age of 0 and 18 who underwent blunt trauma evaluation in the emergency department
- Index tests: NEXUS criteria and the Canadian C-spine Rule, or tools in which the clinical variables contained four or more elements that are also part of the NEXUS criteria or the Canadian C-spine Rule
- Target conditions: clinically-important CSI, defined as any fracture, dislocation, or ligamentous instability detectable by diagnostic imaging
- Reference standards: Radiographic imaging (plain radiography, CT or MRI or both) or clinical follow-up (if the index test was scored negative)",Jev probability below carried-forward fixed threshold 0.50
CD011686,12053848,Clearing the cervical spine in victims of blunt trauma.,"Cervical spine injuries occur in 2.3% to 6.4% of victims of blunt trauma. The difficulty of identifying the minority of patients with cervical spine injuries continues to challenge those who triage and treat the acutely injured. We retrospectively reviewed our practice for cervical spine clearance, which consists of three-view plain radiographs supplemented by focused further studies, such as computed or plain film tomography and flexion/extension views, as needed. Fifty-four patients with cervical spine injuries were identified during a 39-month period, which represented approximately 1% of the patients evaluated. Eighty cervical spine injuries were found, of which nine were missed. Review of the six patients in whom the nine cervical spine injuries were missed demonstrated error in the interpretation of radiographic studies in five patients, only two of whom were felt to have technically adequate films in hindsight. We conclude that a protocol based on three-view plain film radiographs supplemented by focused additional studies will allow the visualization of virtually all cervical spine injuries and that the main cause of missed injuries is errors of interpretation.",0.13,615,6.311677631578948,1999,"- Types of studies: studies that compared the accuracy of the NEXUS criteria or the Canadian C-spine Rule, or both, with the reference standard
- Types of studies: diagnostic studies with cross-sectional or cohort designs (retrospective or prospective), and randomized controlled trials
- Types of studies: studies that use plain radiography, computed tomography (CT) or magnetic resonance imaging (MRI) of the cervical spine as reference standards
- Participants: children between the age of 0 and 18 who underwent blunt trauma evaluation in the emergency department
- Index tests: NEXUS criteria and the Canadian C-spine Rule, or tools in which the clinical variables contained four or more elements that are also part of the NEXUS criteria or the Canadian C-spine Rule
- Target conditions: clinically-important CSI, defined as any fracture, dislocation, or ligamentous instability detectable by diagnostic imaging
- Reference standards: Radiographic imaging (plain radiography, CT or MRI or both) or clinical follow-up (if the index test was scored negative)",Jev probability below carried-forward fixed threshold 0.50
CD011686,12944893,The Canadian C-spine rule performs better than unstructured physician judgment.,"STUDY OBJECTIVES: We compare the predictive accuracy of emergency physicians' unstructured clinical judgment to the Canadian C-Spine rule. METHODS: This prospective multicenter cohort study was conducted at 10 Canadian urban academic emergency departments. Included in the study were alert, stable, adult patients with a Glasgow Coma Scale score of 15 and trauma to the head or neck. This was a substudy of the Canadian C-Spine and CT Head Study. Eligible patients were prospectively evaluated before radiography. Physicians estimated the probability of unstable cervical spine injury from 0% to 100% according to clinical judgment alone and filled out a data form. Interobserver assessments were done when feasible. Patients underwent cervical spine radiography or follow-up to determine clinically important cervical spine injuries. Analyses included comparison of areas under the receiver operating characteristic (ROC) curve with 95% confidence intervals (CIs) and the kappa coefficient. RESULTS: During 18 months, 6265 patients were enrolled. The mean age was 36.6 years (range 16 to 97 years), and 50.1% were men. Sixty-four (1%) patients had a clinically important injury. The physicians' kappa for a 0% predicted probability of injury was 0.46 (95% CI 0.28 to 0.65). The respective areas under the ROC curve for predicting cervical spine injury were 0.85 (95% CI 0.80 to 0.89) for physician judgment and 0.91 (95% CI 0.89 to 0.92) for the Canadian C-Spine rule (P <.05). With a threshold of 0% predicted probability of injury, the respective indices of accuracy for physicians and the Canadian C-Spine rule were sensitivity 92.2% versus 100% (P <.001) and specificity 53.9% versus 44.0% (P <.001). CONCLUSION: Interobserver agreement of unstructured clinical judgment for predicting clinically important cervical spine injury is only fair, and the sensitivity is unacceptably low. The Canadian C-Spine rule was better at detecting clinically important injuries with a sensitivity of 100%. Prospective validation has recently been completed and should permit widespread use of the Canadian C-Spine rule.",0.13,618,6.342516447368421,1999,"- Types of studies: studies that compared the accuracy of the NEXUS criteria or the Canadian C-spine Rule, or both, with the reference standard
- Types of studies: diagnostic studies with cross-sectional or cohort designs (retrospective or prospective), and randomized controlled trials
- Types of studies: studies that use plain radiography, computed tomography (CT) or magnetic resonance imaging (MRI) of the cervical spine as reference standards
- Participants: children between the age of 0 and 18 who underwent blunt trauma evaluation in the emergency department
- Index tests: NEXUS criteria and the Canadian C-spine Rule, or tools in which the clinical variables contained four or more elements that are also part of the NEXUS criteria or the Canadian C-spine Rule
- Target conditions: clinically-important CSI, defined as any fracture, dislocation, or ligamentous instability detectable by diagnostic imaging
- Reference standards: Radiographic imaging (plain radiography, CT or MRI or both) or clinical follow-up (if the index test was scored negative)",Jev probability below carried-forward fixed threshold 0.50
CD011686,22290498,The pediatric cervical spine instability study. A pilot study assessing the prognostic value of four imaging modalities in clearing the cervical spine for children with severe traumatic injuries.,"PURPOSE: Cervical spine clearance in severely injured children after trauma is often difficult because of unique injury patterns, concerns about radiation exposure to growing tissue, and unfamiliarity with unstable cervical injuries. We prospectively assessed the utility of four radiographic modalities to clear the cervical spine in children after severe trauma. METHODS: Twenty-four comatose, intubated children with severe traumatic injuries underwent radiographic evaluation to clear the cervical spine. Each patient had plain radiographs, flexion-extension radiographs under fluoroscopy, computed tomography (CT), and magnetic resonance (MR) imaging within 10 days of admission. Patients underwent cervical spine flexion-extension radiographs 2-3 months after trauma to detect late instability. Sensitivity and specificity for each radiographic modality was determined. RESULTS: Plain cervical spine radiographs demonstrated sensitivity of 100% and specificity of 95%; flexion-extension radiographs had “indeterminate” sensitivity and specificity of 100%. For CT, sensitivity was 100% and specificity was 95%, and for MR imaging, sensitivity was 100% and specificity was 74%. CONCLUSIONS: There was a low prevalence of cervical instability in this high-risk group. Plain radiographs, flexion-extension radiographs, and CT all had high sensitivities and specificities. MR imaging had a high false-positive rate, making it sensitive but not specific. The data support using either CT or plain radiographs as the initial cervical spine screening study, but CT is recommended because of its superior ability to detect critical injuries. To definitively rule out ligamentous instability after a negative screening CT scan or cervical spine X-ray, these data support using flexion-extension X-rays with fluoroscopy and not MR imaging.",0.13,631,6.4761513157894735,1999,"- Types of studies: studies that compared the accuracy of the NEXUS criteria or the Canadian C-spine Rule, or both, with the reference standard
- Types of studies: diagnostic studies with cross-sectional or cohort designs (retrospective or prospective), and randomized controlled trials
- Types of studies: studies that use plain radiography, computed tomography (CT) or magnetic resonance imaging (MRI) of the cervical spine as reference standards
- Participants: children between the age of 0 and 18 who underwent blunt trauma evaluation in the emergency department
- Index tests: NEXUS criteria and the Canadian C-spine Rule, or tools in which the clinical variables contained four or more elements that are also part of the NEXUS criteria or the Canadian C-spine Rule
- Target conditions: clinically-important CSI, defined as any fracture, dislocation, or ligamentous instability detectable by diagnostic imaging
- Reference standards: Radiographic imaging (plain radiography, CT or MRI or both) or clinical follow-up (if the index test was scored negative)",Jev probability below carried-forward fixed threshold 0.50
CD011686,9867048,Out-of-hospital cervical spine clearance: agreement between emergency medical technicians and emergency physicians.,"OBJECTIVE: Determine the level of agreement between emergency medical technicians (EMTs) and emergency physicians (EPs) when applying an existing emergency medical services/fire department protocol for out-of-hospital clinical cervical spine injury (CSI) clearance in blunt trauma patients. METHODS: Prospective observational study of consecutive blunt trauma patients transported by emergency medical services/fire department during a 3-month study period. The setting was an urban Level I trauma center. Measurement of interrater agreement (kappa) was determined. RESULTS: Mean age of the 190 patients was 34+/-19 years (range, 6 -98 years). Fifty-nine percent of the patients were male. One hundred forty-six patients (77%) were immobilized by EMTs; 17 of these patients were clinically cleared by EPs. Forty-four patients (23%) were clinically cleared by EMTs and presented without CSI precautions; of these, 61% (27 of 44) were immobilized by EPs and 57% (25 of 44) had cervical spine radiographs obtained. Overall, 141 patients (74%) required radiographic clearance. CSI were detected in five patients (2.6%); all five were immobilized in the out-of-hospital setting. Overall disagreement between EMTs and EPs regarding out-of-hospital CSI clearance occurred in 44 patients (23%) (kappa=0.29; 95% confidence interval, 0.15-0.43; p < 0.01). CONCLUSION: Significant disagreement in clinical CSI clearance exists between EMTs and EPs. Further research and education is recommended before widespread implementation of this practice.",0.12,686,7.0415296052631575,1999,"- Types of studies: studies that compared the accuracy of the NEXUS criteria or the Canadian C-spine Rule, or both, with the reference standard
- Types of studies: diagnostic studies with cross-sectional or cohort designs (retrospective or prospective), and randomized controlled trials
- Types of studies: studies that use plain radiography, computed tomography (CT) or magnetic resonance imaging (MRI) of the cervical spine as reference standards
- Participants: children between the age of 0 and 18 who underwent blunt trauma evaluation in the emergency department
- Index tests: NEXUS criteria and the Canadian C-spine Rule, or tools in which the clinical variables contained four or more elements that are also part of the NEXUS criteria or the Canadian C-spine Rule
- Target conditions: clinically-important CSI, defined as any fracture, dislocation, or ligamentous instability detectable by diagnostic imaging
- Reference standards: Radiographic imaging (plain radiography, CT or MRI or both) or clinical follow-up (if the index test was scored negative)",Jev probability below carried-forward fixed threshold 0.50
CD011686,10437836,Role of clinical examination in screening for blunt cervical spine injury.,"BACKGROUND: The purpose of this study was to evaluate the hypothesis that awake and alert blunt trauma patients with Glasgow Coma Scores of 14 or 15 (regardless of blood ethanol level or other injuries sustained) can be effectively evaluated with clinical examination without radiographic evaluation of the cervical spine. STUDY DESIGN: During a 32-month period at an urban Level 1 Trauma Center, 2,176 consecutive blunt trauma patients who presented with Glasgow Coma Scores of 14 or 15 were prospectively evaluated by trauma resident housestaff. Housestaff performed physical examinations of the neck and questioned the patients for the presence of neck pain. Following study form documentation of the cervical neck examination, a lateral cervical spine x-ray was performed. Further studies such as swimmer's view and CAT scan were performed if the lateral x-ray could not completely evaluate C1 to C7. These further studies were considered part of the lateral cervical spine (c-spine) x-ray screen. Attending radiologists performed final x-ray interpretations. RESULTS: The study consisted of 2,176 patients, 33 (1.6%) of whom were diagnosed with cervical spine injury. Of the 33 patients with cervical spine injury, 3 had negative clinical examinations (sensitivity, 91%). Lateral c-spine x-ray screen was negative in 1 of these 3 patients. The 2 patients with negative c-spine clinical examination but positive lateral c-spine x-ray screens were diagnosed with C2 spinous process fracture and C6-C7 body fractures. Thirteen patients with negative lateral c-spine screens (sensitivity, 61%) were diagnosed with cervical spine injury. We evaluated 463 patients with blood ethanol levels greater than 100 mg/dL, and 6 (1.3%) were diagnosed with c-spine injury. No injuries were missed on clinical examination in this subgroup with elevated blood ethanol levels. CONCLUSIONS: 1) Clinical examination of the neck can reliably rule out significant cervical spine injury in the awake and alert blunt trauma patient. Addition of lateral c-spine x-ray does not improve the sensitivity of clinical examination in the diagnosis of significant cervical spine injury. 2) Elevated ethanol level is not a contraindication to the use of clinical examination as the screening tool for cervical spine injury. Level of consciousness, as determined by Glasgow Coma Score, is a more effective criterion to dictate a screening method for cervical spine injury.",0.12,688,7.0620888157894735,1999,"- Types of studies: studies that compared the accuracy of the NEXUS criteria or the Canadian C-spine Rule, or both, with the reference standard
- Types of studies: diagnostic studies with cross-sectional or cohort designs (retrospective or prospective), and randomized controlled trials
- Types of studies: studies that use plain radiography, computed tomography (CT) or magnetic resonance imaging (MRI) of the cervical spine as reference standards
- Participants: children between the age of 0 and 18 who underwent blunt trauma evaluation in the emergency department
- Index tests: NEXUS criteria and the Canadian C-spine Rule, or tools in which the clinical variables contained four or more elements that are also part of the NEXUS criteria or the Canadian C-spine Rule
- Target conditions: clinically-important CSI, defined as any fracture, dislocation, or ligamentous instability detectable by diagnostic imaging
- Reference standards: Radiographic imaging (plain radiography, CT or MRI or both) or clinical follow-up (if the index test was scored negative)",Jev probability below carried-forward fixed threshold 0.50
CD011686,10701614,Cervical spine injury: a clinical decision rule to identify high-risk patients for helical CT screening.,"OBJECTIVE: We aimed to validate the routine use of a clinical decision rule to direct diagnostic imaging of adult blunt trauma patients at high risk for cervical spine injury. MATERIALS AND METHODS: We previously developed and have since routinely used a prediction rule based on six clinical parameters to identify patients at greater than 5% risk of cervical spine injury to undergo screening helical CT of the cervical spine. During a 6-month period, 4285 screening imaging studies of the cervical spine were performed in adult blunt trauma patients. Six hundred one patients (398 males, 203 females; age range, 16-100 years; median age, 38 years) underwent helical CT, and the remainder underwent 3684 conventional radiographic examinations. Clinical and report data were extracted from the radiology department database, medical records, and the hospital trauma registry. Abnormal findings were independently confirmed by additional imaging studies, autopsy results, or clinical outcome. RESULTS: The true-positive cervical spine injury rates in helical CT- and conventional radiography-screened patients who presented directly to our trauma center were 40 (8.7%) of 462 and seven (0.2%) of 3684, respectively. The cervical spine injury rate in patients who were transferred from outside institutions to our trauma center and who underwent helical CT was 37 (26.6%) of 139. This figure included 20 patients already known to have cervical spine fracture. CONCLUSION: The clinical decision rule can distinguish patients at high and low risk of cervical spine injury, thus supporting its validity.",0.12,690,7.082648026315789,1999,"- Types of studies: studies that compared the accuracy of the NEXUS criteria or the Canadian C-spine Rule, or both, with the reference standard
- Types of studies: diagnostic studies with cross-sectional or cohort designs (retrospective or prospective), and randomized controlled trials
- Types of studies: studies that use plain radiography, computed tomography (CT) or magnetic resonance imaging (MRI) of the cervical spine as reference standards
- Participants: children between the age of 0 and 18 who underwent blunt trauma evaluation in the emergency department
- Index tests: NEXUS criteria and the Canadian C-spine Rule, or tools in which the clinical variables contained four or more elements that are also part of the NEXUS criteria or the Canadian C-spine Rule
- Target conditions: clinically-important CSI, defined as any fracture, dislocation, or ligamentous instability detectable by diagnostic imaging
- Reference standards: Radiographic imaging (plain radiography, CT or MRI or both) or clinical follow-up (if the index test was scored negative)",Jev probability below carried-forward fixed threshold 0.50
CD011686,15321867,Patterns and risks in spinal trauma.,"BACKGROUND: Spinal injury in children is rare, and poses many difficulties in management. AIMS: To ascertain the prevalence of spinal injury within the paediatric trauma population, and to assess relative risks of spinal injury according to age, conscious level, injury severity score (ISS), and associated injuries. METHODS: Spine injured children were identified from the UK Trauma Audit & Research Network Database from 1989 to 2000. Relative risks of injury were calculated against the denominator paediatric trauma population. RESULTS: Of 19 538 on the database, 527 (2.7%) suffered spinal column fracture/dislocation without cord injury and 109 had cord injury (0.56% of all children; 16.5% of spine injured children). Thirty children (0.15% of all children; 4.5% of spine injured children) sustained spinal cord injury without radiological abnormality (SCIWORA). Cord injury and SCIWORA occurred more commonly in children aged < or =8. The risk of spine fracture/dislocation without cord injury was increased with an ISS >25 and with chest injuries. The risk of cord injury was increased with reduced GCS, head injury, and chest injury. CONCLUSIONS: Spinal cord injury and SCIWORA occur more frequently in young children. Multiple injuries and chest injuries increase the risk of fracture/dislocation and of cord injury. Reduced GCS and head injuries increase the risk of cord injury.",0.12,705,7.2368421052631575,1999,"- Types of studies: studies that compared the accuracy of the NEXUS criteria or the Canadian C-spine Rule, or both, with the reference standard
- Types of studies: diagnostic studies with cross-sectional or cohort designs (retrospective or prospective), and randomized controlled trials
- Types of studies: studies that use plain radiography, computed tomography (CT) or magnetic resonance imaging (MRI) of the cervical spine as reference standards
- Participants: children between the age of 0 and 18 who underwent blunt trauma evaluation in the emergency department
- Index tests: NEXUS criteria and the Canadian C-spine Rule, or tools in which the clinical variables contained four or more elements that are also part of the NEXUS criteria or the Canadian C-spine Rule
- Target conditions: clinically-important CSI, defined as any fracture, dislocation, or ligamentous instability detectable by diagnostic imaging
- Reference standards: Radiographic imaging (plain radiography, CT or MRI or both) or clinical follow-up (if the index test was scored negative)",Jev probability below carried-forward fixed threshold 0.50
CD011686,2048847,Clinical indications for cervical spine radiographs in alert trauma patients.,"Cervical spine fracture/dislocation is a potentially devastating injury that may be clinically difficult to diagnose. Therefore, a vast majority of trauma patients undergo cervical spine X rays when only a relatively small number of them will actually have a cervical spine injury. Because of the costly overuse of radiography, studies have been undertaken to define high yield criteria for evaluation of patients. This study examined the characteristics of acute cervical spine fracture/dislocation in alert trauma patients. Of 79 patients with this discharge diagnosis at St. Elizabeth Hospital Medical Center between 1982 and 1987, 47 met the criteria of Class I level of consciousness. All 47 patients complained of neck pain or demonstrated cervical tenderness to palpation. Other parameters (such as loss of consciousness, paresthesias, decreased sensation, weakness, cervical muscle spasm, decreased anal tone, and associated injuries) did not, individually or in combination with each other, consistently predict cervical spine injury. Although occult or painless cervical spine injuries have been reported in the literature, a careful review of these cases revealed that these injuries were not truly asymptomatic. Our study suggests that selected patients can be excluded from radiologic evaluation of the cervical spine. However, large prospective studies are needed to validate this finding.",0.11,745,7.6480263157894735,1999,"- Types of studies: studies that compared the accuracy of the NEXUS criteria or the Canadian C-spine Rule, or both, with the reference standard
- Types of studies: diagnostic studies with cross-sectional or cohort designs (retrospective or prospective), and randomized controlled trials
- Types of studies: studies that use plain radiography, computed tomography (CT) or magnetic resonance imaging (MRI) of the cervical spine as reference standards
- Participants: children between the age of 0 and 18 who underwent blunt trauma evaluation in the emergency department
- Index tests: NEXUS criteria and the Canadian C-spine Rule, or tools in which the clinical variables contained four or more elements that are also part of the NEXUS criteria or the Canadian C-spine Rule
- Target conditions: clinically-important CSI, defined as any fracture, dislocation, or ligamentous instability detectable by diagnostic imaging
- Reference standards: Radiographic imaging (plain radiography, CT or MRI or both) or clinical follow-up (if the index test was scored negative)",Jev probability below carried-forward fixed threshold 0.50
CD011686,10420124,Cervical spine evaluation in obtunded or comatose pediatric trauma patients: A pilot study.,A uniformly accepted protocol for evaluation and clearance of the cervical spine of pediatric trauma patients with altered mental status does not currently exist. We sought to detect cervical spine injuries in this group with minimal risk. Patients were evaluated with standard three-view cervical spine radiographs and CT when necessary. Those patients without radiographic abnormality and altered mental status underwent flexion-extension of the cervical spine using fluoroscopy with somatosensory evoked potential (SSEP) monitoring. Those with abnormal movement by fluoroscopy or changes in SSEP underwent MRI. Fifteen patients were evaluated with this protocol. Two patients had movement on flexion-extension of the cervical spine and 5 had SSEP changes. Three patients had an MRI with only 1 showing injury. Five patients had residual hemiparesis. Evaluation of the cervical spine in obtunded or comatose pediatric trauma patients can be done safely with flexion-extension under fluoroscopy and SSEP monitoring. Further prospective studies are required to determine the efficacy of SSEP monitoring for cervical spine clearance in this select population.,0.11,809,8.305921052631579,1999,"- Types of studies: studies that compared the accuracy of the NEXUS criteria or the Canadian C-spine Rule, or both, with the reference standard
- Types of studies: diagnostic studies with cross-sectional or cohort designs (retrospective or prospective), and randomized controlled trials
- Types of studies: studies that use plain radiography, computed tomography (CT) or magnetic resonance imaging (MRI) of the cervical spine as reference standards
- Participants: children between the age of 0 and 18 who underwent blunt trauma evaluation in the emergency department
- Index tests: NEXUS criteria and the Canadian C-spine Rule, or tools in which the clinical variables contained four or more elements that are also part of the NEXUS criteria or the Canadian C-spine Rule
- Target conditions: clinically-important CSI, defined as any fracture, dislocation, or ligamentous instability detectable by diagnostic imaging
- Reference standards: Radiographic imaging (plain radiography, CT or MRI or both) or clinical follow-up (if the index test was scored negative)",Jev probability below carried-forward fixed threshold 0.50
CD011686,11177091,Removing the pediatric cervical collar: current practice patterns.,"OBJECTIVES: To identify the current practice patterns of emergency medicine practitioners and the typical criteria used in discontinuing cervical spine immobilization (CSI) in the pediatric patient. DESIGN: Mail-in survey. PARTICIPANTS: All physicians on the mailing list of the American Academy of Pediatrics Section of Emergency Medicine and an equal number of randomly chosen members of the American College of Emergency Physicians. The total number of participants was 1360. METHODS: The survey consisted of a case scenario describing a 3-year-old child brought to the emergency department with CSI. The approach to such a scenario was assessed. Surveys were mailed with self-addressed stamped envelopes; repeat mailings were sent at 4 and 8 weeks after the first mailing. Those not currently in active practice or not involved in the decision to discontinue CSI were excluded from the study. RESULTS: The response rate was 55%. Most respondents were younger than 44 years (71%), in practice less than 10 years (56%), and practiced in an urban setting (68%). Nearly two thirds (62.6%) had completed residency training in pediatrics, 24% in emergency medicine and 36% a pediatric emergency medicine fellowship. Most (63%) would discontinue CSI without obtaining radiographs. Factors associated with removal were residency training in pediatrics and being in practice for less than 10 years. The most common criteria for discontinuing CSI were normal neurological (96%) and cervical spine (98%) examinations, normal mental status (92%), and absence of neck pain (93%). CONCLUSIONS: Discontinuing CSI without obtaining radiographs is common, especially among those with residency training in pediatrics and those in practice for less than 10 years. Knowledge of current practice is essential to future development of guidelines for managing pediatric trauma patients for whom cervical spine injury is a consideration.",0.11,812,8.336759868421053,1999,"- Types of studies: studies that compared the accuracy of the NEXUS criteria or the Canadian C-spine Rule, or both, with the reference standard
- Types of studies: diagnostic studies with cross-sectional or cohort designs (retrospective or prospective), and randomized controlled trials
- Types of studies: studies that use plain radiography, computed tomography (CT) or magnetic resonance imaging (MRI) of the cervical spine as reference standards
- Participants: children between the age of 0 and 18 who underwent blunt trauma evaluation in the emergency department
- Index tests: NEXUS criteria and the Canadian C-spine Rule, or tools in which the clinical variables contained four or more elements that are also part of the NEXUS criteria or the Canadian C-spine Rule
- Target conditions: clinically-important CSI, defined as any fracture, dislocation, or ligamentous instability detectable by diagnostic imaging
- Reference standards: Radiographic imaging (plain radiography, CT or MRI or both) or clinical follow-up (if the index test was scored negative)",Jev probability below carried-forward fixed threshold 0.50
CD011686,21854487,Factors associated with the use of cervical spine computed tomography imaging in pediatric trauma patients.,"OBJECTIVES: The objectives were to identify patient and hospital characteristics associated with the use of computed tomography (CT) imaging of the cervical spine (c-spine) in the evaluation of injured children and, in particular, to examine the influence of hospital setting. METHODS: This was a retrospective cohort of children younger than 19 years of age from the Massachusetts Hospital Emergency Department (ED) database who were discharged from the ED with an injury diagnosis from 2005 through 2009. Multivariable logistic regression was used to analyze characteristics associated with CT imaging of the c-spine. RESULTS: Of the 929,626 pediatric patients diagnosed with an injury in Massachusetts EDs and then discharged home, 1.3% underwent CT imaging of the c-spine. Rates of CT imaging nearly doubled over the 5 years. In the multivariable model, patient age (adjusted odds ratio [AOR] = 2.3, 95% confidence interval [CI] = 2.0 to 2.7 for children age 12 to 18 years vs. under 1 year of age) and evaluation outside of a pediatric Level I trauma center (AOR = 2.2, 95% CI = 1.1 to 4.3 for children evaluated at non Level I trauma centers vs. pediatric Level I trauma centers; AOR = 2.1, 95% CI = 0.93 to 4.7 for children evaluated at adult Level I trauma centers vs. pediatric Level I trauma centers) were associated with higher rates of CT imaging of the c-spine. CONCLUSIONS: Cervical spine CT imaging for children discharged from the ED with trauma diagnoses increased from 2005 through 2009. Older age and evaluation outside a Level I pediatric trauma center were associated with a higher c-spine CT rate. Educational interventions focused outside pediatric trauma centers may be an effective approach to decreasing CT imaging of the c-spine of pediatric trauma patients.",0.11,847,8.696546052631579,1999,"- Types of studies: studies that compared the accuracy of the NEXUS criteria or the Canadian C-spine Rule, or both, with the reference standard
- Types of studies: diagnostic studies with cross-sectional or cohort designs (retrospective or prospective), and randomized controlled trials
- Types of studies: studies that use plain radiography, computed tomography (CT) or magnetic resonance imaging (MRI) of the cervical spine as reference standards
- Participants: children between the age of 0 and 18 who underwent blunt trauma evaluation in the emergency department
- Index tests: NEXUS criteria and the Canadian C-spine Rule, or tools in which the clinical variables contained four or more elements that are also part of the NEXUS criteria or the Canadian C-spine Rule
- Target conditions: clinically-important CSI, defined as any fracture, dislocation, or ligamentous instability detectable by diagnostic imaging
- Reference standards: Radiographic imaging (plain radiography, CT or MRI or both) or clinical follow-up (if the index test was scored negative)",Jev probability below carried-forward fixed threshold 0.50
CD011686,24528980,Cervical spine computed tomography utilization in pediatric trauma patients.,"BACKGROUND: Guidelines for evaluating the cervical spine in pediatric trauma patients recommend cervical spine CT (CSCT) when plain radiographs suggest an injury. Our objective was to compare usage of CSCT between a pediatric trauma center (PTC) and referral general emergency departments (GEDs). METHODS: Patient data from a pediatric trauma registry from 2002 to 2011 were analyzed. Rates of CSI and CSCT of patients presenting to the PTC and GED were compared. Factors associated with use of CSCT were assessed using multivariate logistic regression. RESULTS: 5148 patients were evaluated, 2142 (41.6%) at the PTC and 3006 (58.4%) at the GED. Groups were similar with regard to age, gender, GCS, and triage category. GED patients had a higher median ISS (14 vs. 9, p<0.05) and more frequent ICU admissions (44.3% vs. 26.1% p<0.05). CSI rate was 2.1% (107/5148) and remained stable. CSCT use increased from 3.5% to 16.1% over time at the PTC (mean 9.6% 95% CI=8.3, 10.9) and increased from 6.8% to 42.0% (mean 26.9%, CI=25.4, 28.4) at the GED. Initial care at a GED remained strongly associated with CSCT. CONCLUSIONS: Despite a stable rate of CSI, rate of CSCT increased significantly over time, especially among patients initially evaluated at a GED.",0.11,853,8.758223684210526,1999,"- Types of studies: studies that compared the accuracy of the NEXUS criteria or the Canadian C-spine Rule, or both, with the reference standard
- Types of studies: diagnostic studies with cross-sectional or cohort designs (retrospective or prospective), and randomized controlled trials
- Types of studies: studies that use plain radiography, computed tomography (CT) or magnetic resonance imaging (MRI) of the cervical spine as reference standards
- Participants: children between the age of 0 and 18 who underwent blunt trauma evaluation in the emergency department
- Index tests: NEXUS criteria and the Canadian C-spine Rule, or tools in which the clinical variables contained four or more elements that are also part of the NEXUS criteria or the Canadian C-spine Rule
- Target conditions: clinically-important CSI, defined as any fracture, dislocation, or ligamentous instability detectable by diagnostic imaging
- Reference standards: Radiographic imaging (plain radiography, CT or MRI or both) or clinical follow-up (if the index test was scored negative)",Jev probability below carried-forward fixed threshold 0.50
CD011686,2072419,A prospective analysis of a two-year experience using computed tomography as an adjunct for cervical spine clearance.,"The role of CT scanning as an adjunct to plain roentgenograms of the cervical spine was reviewed in acutely injured blunt trauma patients. Following institution of a protocol to evaluate the cervical spine in all blunt trauma patients, 179 patients underwent CT scanning of their cervical spine. This was performed for patients whose x-ray findings were positive, for patients with plain x-ray films suggestive of a pathologic condition, for patients with plain x-ray films that did not reveal all of the cervical vertebrae, and for patients who had persistent pain or neurologic deficits despite normal plain x-ray films. Of 123 patients not able to have their cervical spine cleared by normal roentgenograms, 93% were cleared within 24 hours of admission based on CT scans. There were no missed injuries in this setting. A false-positive rate of 28% and a false-negative rate of 1.5% were found for plain roentgenograms. Computed tomographic scans detected 98% of the injuries in our study and when combined with a three-view plain x-ray series of the cervical spine, 100% of cervical spine injuries were detected. Computed tomographic scanning as an adjunct to plain x-ray films of the cervical spine is a highly accurate and expedient modality to clear the cervical spine of blunt trauma patients.",0.1,871,8.943256578947368,1999,"- Types of studies: studies that compared the accuracy of the NEXUS criteria or the Canadian C-spine Rule, or both, with the reference standard
- Types of studies: diagnostic studies with cross-sectional or cohort designs (retrospective or prospective), and randomized controlled trials
- Types of studies: studies that use plain radiography, computed tomography (CT) or magnetic resonance imaging (MRI) of the cervical spine as reference standards
- Participants: children between the age of 0 and 18 who underwent blunt trauma evaluation in the emergency department
- Index tests: NEXUS criteria and the Canadian C-spine Rule, or tools in which the clinical variables contained four or more elements that are also part of the NEXUS criteria or the Canadian C-spine Rule
- Target conditions: clinically-important CSI, defined as any fracture, dislocation, or ligamentous instability detectable by diagnostic imaging
- Reference standards: Radiographic imaging (plain radiography, CT or MRI or both) or clinical follow-up (if the index test was scored negative)",Jev probability below carried-forward fixed threshold 0.50
CD011686,2667407,Computed tomography in the initial evaluation of the cervical spine.,"Unstable injury of the cervical spine must be considered in all victims of blunt trauma. To evaluate the role of limited, directed computed tomography (CT) in the initial evaluation of the cervical spine, a one-year study involving 104 high-risk patients was undertaken. Sensitivity was 0.78 overall, but in the group of patients scanned after inadequate plain radiographs, CT had a sensitivity of 1.0 for unstable cervical injury. All false-negative studies involved atlantoaxial rotary subluxation. We conclude that limited, directed CT of the cervical spine is appropriate in the initial evaluation of patients at risk, particularly if plain radiographs are inadequate, but is of limited value in the evaluation of ligamentous injury of the upper cervical spine.",0.1,876,8.994654605263158,1999,"- Types of studies: studies that compared the accuracy of the NEXUS criteria or the Canadian C-spine Rule, or both, with the reference standard
- Types of studies: diagnostic studies with cross-sectional or cohort designs (retrospective or prospective), and randomized controlled trials
- Types of studies: studies that use plain radiography, computed tomography (CT) or magnetic resonance imaging (MRI) of the cervical spine as reference standards
- Participants: children between the age of 0 and 18 who underwent blunt trauma evaluation in the emergency department
- Index tests: NEXUS criteria and the Canadian C-spine Rule, or tools in which the clinical variables contained four or more elements that are also part of the NEXUS criteria or the Canadian C-spine Rule
- Target conditions: clinically-important CSI, defined as any fracture, dislocation, or ligamentous instability detectable by diagnostic imaging
- Reference standards: Radiographic imaging (plain radiography, CT or MRI or both) or clinical follow-up (if the index test was scored negative)",Jev probability below carried-forward fixed threshold 0.50
CD011686,3309353,Clearing the cervical spine: initial radiologic evaluation.,"The identification of unstable cervical spine injury (UCSI) in blunt high-energy transfer injury (BHETI) patients is critical to management. In a prospective study of BHETI patients identified to be at high risk for UCSI, the use of lateral cervical spine view (LCV), three-view cervical spine series (FCS), and limited computerized tomography (CT) in the initial evaluation of these patients was analyzed. Thirteen of 204 patients sustained UCSI. Sensitivity of the LCV alone was 0.85 and the predictive value of the negative test was 0.97. Sensitivity and predictive value of a negative study were maximized by the use of FCS combined with CT when plain X-rays were inadequate. We conclude that technically adequate, normal FCS can be safely used to eliminate the presence of UCSI. If these studies are technically inadequate, the addition of a limited CT can be used to ""clear"" the spine.",0.1,883,9.066611842105264,1999,"- Types of studies: studies that compared the accuracy of the NEXUS criteria or the Canadian C-spine Rule, or both, with the reference standard
- Types of studies: diagnostic studies with cross-sectional or cohort designs (retrospective or prospective), and randomized controlled trials
- Types of studies: studies that use plain radiography, computed tomography (CT) or magnetic resonance imaging (MRI) of the cervical spine as reference standards
- Participants: children between the age of 0 and 18 who underwent blunt trauma evaluation in the emergency department
- Index tests: NEXUS criteria and the Canadian C-spine Rule, or tools in which the clinical variables contained four or more elements that are also part of the NEXUS criteria or the Canadian C-spine Rule
- Target conditions: clinically-important CSI, defined as any fracture, dislocation, or ligamentous instability detectable by diagnostic imaging
- Reference standards: Radiographic imaging (plain radiography, CT or MRI or both) or clinical follow-up (if the index test was scored negative)",Jev probability below carried-forward fixed threshold 0.50
CD011686,17655642,The safety of nurse clearance of the cervical spine using the National Emergency X-radiography Utilization Study low-risk criteria.,"OBJECTIVES: To determine the level of agreement between trained ED nursing staff and senior ED medical staff in the application and interpretation of the National Emergency X-radiography Utilization Study (NEXUS) low-risk criteria (NLC). METHODS: A NEXUS training and accreditation package was developed. It was successfully undertaken by 22 senior ED nursing staff and 26 senior ED medical staff. A study nurse and doctor independently applied the NLC to a convenience sample of patients who had been placed in a hard cervical collar prior to arrival in the ED. The findings for each of the NLC and the overall decision regarding collar removal were recorded on specific case report forms. The primary endpoint was the level of agreement for the overall decision to leave the collar in place. Levels of agreement for the individual NLC were also examined. RESULTS: In total, 183 patients were recruited. The level of 'safe agreement' where nursing and medical staff agreed that the collar should be left in place was 94.3% (95% CI: 89.5-97.2%). Agreement with regard to individual NLC varied from good to fair. The median times from patient arrival to completion of study nurse and doctor assessments were 14 min (interquartile ranges [IQR] 5-30) and 29 min (IQR 15-47), respectively. CONCLUSION: The study demonstrated a high level of agreement between nursing and medical staff for stable low-risk trauma patients.",0.1,992,10.187088815789474,1999,"- Types of studies: studies that compared the accuracy of the NEXUS criteria or the Canadian C-spine Rule, or both, with the reference standard
- Types of studies: diagnostic studies with cross-sectional or cohort designs (retrospective or prospective), and randomized controlled trials
- Types of studies: studies that use plain radiography, computed tomography (CT) or magnetic resonance imaging (MRI) of the cervical spine as reference standards
- Participants: children between the age of 0 and 18 who underwent blunt trauma evaluation in the emergency department
- Index tests: NEXUS criteria and the Canadian C-spine Rule, or tools in which the clinical variables contained four or more elements that are also part of the NEXUS criteria or the Canadian C-spine Rule
- Target conditions: clinically-important CSI, defined as any fracture, dislocation, or ligamentous instability detectable by diagnostic imaging
- Reference standards: Radiographic imaging (plain radiography, CT or MRI or both) or clinical follow-up (if the index test was scored negative)",Jev probability below carried-forward fixed threshold 0.50
CD011686,19888020,"Cervical spine clearance in the nonalert, noncommunicative, or unreliable pediatric blunt trauma patient.","Currently, there is no nationally recognized evidence-based guideline or protocol for cervical spine clearance in nonalert, noncommunicative, or unreliable pediatric blunt trauma patients. This descriptive survey study sought to identify current practices and elicit expert opinion data regarding pediatric cervical spine clearance in a specialized population of children in trauma centers in the United States. A 93-item electronic Pediatric Cervical Spine Clearance Survey was sent to 309 members of the Pediatric Special Interest Group of the National Society of Trauma Nurses. The main areas of interest in the survey included trauma verification, annual volume of pediatric trauma cases, and sequence and time frames of diagnostic testing for cervical spine clearance by age group. Additional areas of interest were perceived supports and barriers to meeting target time frames for diagnostic testing and outcomes to evaluate the impact of a cervical spine clearance guideline for pediatric blunt trauma. The results from 44 respondents demonstrate that trauma centers are using a variety of diagnostic testing sequences and time frames when clearing children for suspected cervical spine injury.",0.1,999,10.259046052631579,1999,"- Types of studies: studies that compared the accuracy of the NEXUS criteria or the Canadian C-spine Rule, or both, with the reference standard
- Types of studies: diagnostic studies with cross-sectional or cohort designs (retrospective or prospective), and randomized controlled trials
- Types of studies: studies that use plain radiography, computed tomography (CT) or magnetic resonance imaging (MRI) of the cervical spine as reference standards
- Participants: children between the age of 0 and 18 who underwent blunt trauma evaluation in the emergency department
- Index tests: NEXUS criteria and the Canadian C-spine Rule, or tools in which the clinical variables contained four or more elements that are also part of the NEXUS criteria or the Canadian C-spine Rule
- Target conditions: clinically-important CSI, defined as any fracture, dislocation, or ligamentous instability detectable by diagnostic imaging
- Reference standards: Radiographic imaging (plain radiography, CT or MRI or both) or clinical follow-up (if the index test was scored negative)",Jev probability below carried-forward fixed threshold 0.50
CD011686,24165260,Prehospital clinical clearance of the cervical spine: a prospective study.,"Physician clinical clearance of the cervical spine after blunt trauma is practiced in many trauma centers. Prehospital clinical clearance of the cervical spine (c-spine) performed by emergency medical services (EMS) personnel can decrease cost, improve patient comfort, decrease complications, and decrease prehospital time. The purpose of this study was to assess whether EMS personnel can effectively clinically clear the c-spine of injury in the prehospital setting. All paramedics from a single urban fire department were trained in clinical clearance of the c-spine. During the 14-month period from January 2008 through March 2009, clinical examination of the c-spine was performed by paramedics on blunt trauma patients in the prehospital setting. Paramedics immobilized the c-spine and delivered the patients to the University of South Alabama Medical Center. After trauma center arrival, paramedics documented their clinical examination of the c-spine in a computerized data collection form. Paramedic clinical findings were compared with trauma surgeon clinical examination findings and computed tomographic findings of the c-spine. All patients had prehospital Glasgow Coma Score 14 or greater. Patients were not excluded for distracting injuries. One hundred ninety-three blunt trauma patients were entered. Sixty-five (34%) c-spines were clinically cleared by EMS. There were no known missed injuries in this patient group. Eight (6%) patients who were not clinically cleared by EMS were diagnosed with c-spine injury. Trauma surgeons clinically cleared 135 (70%) of the patients with no known missed injury. EMS personnel in the prehospital setting may reliably and effectively perform clinical clearance of the c-spine. Further prospective study for prehospital c-spine clinical clearance is warranted.",0.1,1012,10.392680921052632,1999,"- Types of studies: studies that compared the accuracy of the NEXUS criteria or the Canadian C-spine Rule, or both, with the reference standard
- Types of studies: diagnostic studies with cross-sectional or cohort designs (retrospective or prospective), and randomized controlled trials
- Types of studies: studies that use plain radiography, computed tomography (CT) or magnetic resonance imaging (MRI) of the cervical spine as reference standards
- Participants: children between the age of 0 and 18 who underwent blunt trauma evaluation in the emergency department
- Index tests: NEXUS criteria and the Canadian C-spine Rule, or tools in which the clinical variables contained four or more elements that are also part of the NEXUS criteria or the Canadian C-spine Rule
- Target conditions: clinically-important CSI, defined as any fracture, dislocation, or ligamentous instability detectable by diagnostic imaging
- Reference standards: Radiographic imaging (plain radiography, CT or MRI or both) or clinical follow-up (if the index test was scored negative)",Jev probability below carried-forward fixed threshold 0.50
CD011686,11423803,Use of plain radiography to screen for cervical spine injuries.,"STUDY OBJECTIVE: Standard radiographic screening may fail to reveal any evidence of injury in some patients with spinal injury. The purposes of this investigation were to document the efficacy of standard radiographic views and to categorize the frequencies and types of injuries missed on plain radiographic screening of the cervical spine. METHODS: All patients with blunt trauma selected for radiographic cervical spine imaging at 21 participating institutions underwent a standard 3-view series (cross-table lateral, anteroposterior, and odontoid views), as well as any other imaging deemed necessary by their physicians. Injuries detected with screening radiography were then compared with final injury status for each patient, as determined by review of all radiographic studies. RESULTS: The study enrolled 34,069 patients with blunt trauma, including 818 patients (2.40% of all patients; 95% confidence interval [CI] 2.40% to 2.40%) having a total of 1,496 distinct cervical spine injuries. Plain radiographs revealed 932 injuries in 498 patients (1.46% of all patients; 95% CI 1.46% to 1.46%) but missed 564 injuries in 320 patients (0.94% of all patients; 95% CI 0.94% to 0.94%). The majority of missed injuries (436 injuries in 237 patients [representing 0.80% of all patients]; 95% CI 0.80% to 0.80%) occurred in cases in which plain radiographs were interpreted as abnormal (but not diagnostic of injury) or inadequate. However, 23 patients (0.07% of all patients; 95% CI 0.05% to 0.09%) had 35 injuries (including 3 potentially unstable injuries) that were not visualized on adequate plain film imaging. These patients represent 2.81% (95% CI 1.89% to 3.63%) of all injured patients with blunt trauma undergoing radiographic evaluation. CONCLUSION: Standard 3-view imaging provides reliable screening for most patients with blunt trauma. However, on rare occasions, such imaging may fail to detect significant unstable injuries. In addition, it is difficult to obtain adequate plain radiographic imaging in a substantial minority of patients.",0.09,1170,12.016858552631579,1999,"- Types of studies: studies that compared the accuracy of the NEXUS criteria or the Canadian C-spine Rule, or both, with the reference standard
- Types of studies: diagnostic studies with cross-sectional or cohort designs (retrospective or prospective), and randomized controlled trials
- Types of studies: studies that use plain radiography, computed tomography (CT) or magnetic resonance imaging (MRI) of the cervical spine as reference standards
- Participants: children between the age of 0 and 18 who underwent blunt trauma evaluation in the emergency department
- Index tests: NEXUS criteria and the Canadian C-spine Rule, or tools in which the clinical variables contained four or more elements that are also part of the NEXUS criteria or the Canadian C-spine Rule
- Target conditions: clinically-important CSI, defined as any fracture, dislocation, or ligamentous instability detectable by diagnostic imaging
- Reference standards: Radiographic imaging (plain radiography, CT or MRI or both) or clinical follow-up (if the index test was scored negative)",Jev probability below carried-forward fixed threshold 0.50
CD011686,11479837,Cervical spine injuries in children: a review of 103 patients treated consecutively at a level 1 pediatric trauma center.,"PURPOSE: Cervical spine (C-spine) injuries occur infrequently in children but may be associated with significant disability and mortality. The purpose of this study was to review the experience of a level 1 pediatric trauma center to determine the epidemiology, risk factors, mechanisms, levels, types of injury, comorbid factors, and outcomes associated with these potentially devastating injuries. METHODS: A retrospective analysis of 103 consecutive C-spine injuries treated at a level 1 pediatric trauma center over a 9(1/2)-year period (January 1991 through August 2000) was performed. RESULTS: The mean age was 10.3 +/- 5.2 years, and the male-to-female ratio was 1.6:1. The most common mechanism of injury was motor vehicle related (52%), followed by sporting injuries (27%). Football injuries accounted for 29% of all sports-related injuries. Sixty-eight percent of all children sustained injuries to C1 to C4; 25% to C5 to C7; and 7% to both. Spinal cord injury without radiographic abnormality (SCIWORA) occurred in 38%. Five patients had complete cord lesions involving the lower C-spine (C4 to C7); 4 of these were motor vehicle related, and all 4 patients died. Isolated C-spine injuries occurred in 43%, whereas 38% had associated closed head injuries (CHI). The overall mortality rate was 18.5%, most commonly motor vehicle related (95%), occurring in younger children (mean and median age 5 years) and associated with upper C-spine injuries (74%) and CHI (89%). C1 dislocations occurred in younger children (mean age, 6.6 years), most often as a result of motor vehicle-related trauma (especially pedestrians) and were associated with the highest injury severity score (ISS), longest length of stay (LOS), most CHIs, and the highest mortality rate (50%). C-spine fractures with or without SCI occurred most commonly as a result of falls and dives. Sporting injuries occurred almost exclusively in adolescent boys (mean age, 13.8 years) and were isolated injuries associated with a relatively low ISS and shorter LOS. Interestingly, 75% of sporting injuries showed SCIWORA, and all infants suffering from child abuse had SCIWORA. CONCLUSIONS: Mechanisms of injury are age related, with younger children sustaining C-spine injuries as a result of motor vehicle-related trauma and older adolescents commonly injured during sporting activities. C-spine injuries in children most commonly involve the upper C-spine, but complete lesions of the cord are associated more frequently with lower C-spine injuries. The type of C-spine injury is related to the mechanism of injury: SCIWORA is associated with sporting activities and child abuse, C-spine dislocations most commonly result from motor vehicle-related trauma (especially among pedestrians), and C-spine fractures occur most commonly as a result of falls and dives. Predictors of mortality include younger age, motor vehicle-related mechanism, C1 dislocations, high ISS greater than 25, and associated CHI. A high index of suspicion for SCIWORA is essential when evaluating adolescents with neck trauma associated with sporting injuries or victims of child abuse.",0.09,1171,12.027138157894736,1999,"- Types of studies: studies that compared the accuracy of the NEXUS criteria or the Canadian C-spine Rule, or both, with the reference standard
- Types of studies: diagnostic studies with cross-sectional or cohort designs (retrospective or prospective), and randomized controlled trials
- Types of studies: studies that use plain radiography, computed tomography (CT) or magnetic resonance imaging (MRI) of the cervical spine as reference standards
- Participants: children between the age of 0 and 18 who underwent blunt trauma evaluation in the emergency department
- Index tests: NEXUS criteria and the Canadian C-spine Rule, or tools in which the clinical variables contained four or more elements that are also part of the NEXUS criteria or the Canadian C-spine Rule
- Target conditions: clinically-important CSI, defined as any fracture, dislocation, or ligamentous instability detectable by diagnostic imaging
- Reference standards: Radiographic imaging (plain radiography, CT or MRI or both) or clinical follow-up (if the index test was scored negative)",Jev probability below carried-forward fixed threshold 0.50
CD011686,16394912,What defines a distracting injury in cervical spine assessment?,"BACKGROUND: The National Emergency X-Radiography Utilization Study defined five criteria for obtaining cervical spine radiographic investigations in blunt trauma patients. Distracting injury was given as the indication for more than 30% of all x-ray studies ordered. The hypothesis of this study was that upper and lower torso injuries would have different effects on clinical cervical spine assessment. METHODS: This is a single-center, prospective, observational study of admitted, alert, adult blunt-trauma patients. All patients underwent cervical spine plain-film radiography. Data were collected on all injuries, physical examination findings, narcotic administration, and radiograph results. Patients with upper and lower torso injuries were compared in their ability complain of pain or midline tenderness relative to a cervical spine fracture. RESULTS: In all, 406 patients participated. All patients received narcotic analgesics before examination. Forty patients (9.9%) had cervical spine fractures, of whom seven had a nontender neck examination. All seven patients with a nontender cervical spine and a neck fracture had at least one upper torso injury. None of the 99 patients with injuries isolated to the lower torso and a nontender neck had a cervical spine fracture (p < 0.05). The frequency of cervical spine fracture among patients with cervical spine tenderness was 19.8% (n = 33). CONCLUSIONS: The National Emergency X-Radiography Utilization Study definition of a distracting injury may be narrowed. Upper torso injuries may be sufficiently painful to distract from a reliable cervical spine examination. Patients may detect spine tenderness in the presence of isolated painful lower torso injuries. Patients with spine tenderness warrant imaging.",0.09,1195,12.273848684210526,1999,"- Types of studies: studies that compared the accuracy of the NEXUS criteria or the Canadian C-spine Rule, or both, with the reference standard
- Types of studies: diagnostic studies with cross-sectional or cohort designs (retrospective or prospective), and randomized controlled trials
- Types of studies: studies that use plain radiography, computed tomography (CT) or magnetic resonance imaging (MRI) of the cervical spine as reference standards
- Participants: children between the age of 0 and 18 who underwent blunt trauma evaluation in the emergency department
- Index tests: NEXUS criteria and the Canadian C-spine Rule, or tools in which the clinical variables contained four or more elements that are also part of the NEXUS criteria or the Canadian C-spine Rule
- Target conditions: clinically-important CSI, defined as any fracture, dislocation, or ligamentous instability detectable by diagnostic imaging
- Reference standards: Radiographic imaging (plain radiography, CT or MRI or both) or clinical follow-up (if the index test was scored negative)",Jev probability below carried-forward fixed threshold 0.50
CD011686,16538521,Clearing the cervical spine in critically injured patients: a comprehensive C-spine protocol to avoid unnecessary delays in diagnosis.,"Clearing the cervical spine in polytrauma patients still presents a challenge to the trauma team. The risk of an overlooked cervical spine injury is substantial since these patients show painful and life-threatening injuries to one or more organ systems so that clinical examination is usually not reliable. A generally approved guideline to assess the cervical spine in polytrauma patients might significantly reduce delays in diagnosis, but a consistent protocol for evaluating the cervical spine has not been uniformly accepted or followed by clinicians. One purpose of this study was to analyse the common methods for cervical spine evaluation in critically injured patients and its safety and efficacy at this trauma centre. The second purpose was to present a comprehensive diagnostic C-spine protocol, based on the authors' experiences with documented cases. From a prospectively gathered polytrauma database, we retrospectively analysed the clinical records of all polytrauma patients, with skeletal and/or non-skeletal cervical spine injuries, who were admitted to this level I trauma centre between 1980 and 2004. All patients were assessed following the trauma algorithm of our unit (modified by Nast-Kolb). Standard radiological evaluation of the cervical spine consisted of either a single lateral view or a three-view cervical spine series (anteroposterior, lateral, odontoid). Further radiological examinations (functional flexion/extension views, oblique views, CT scan, MRI) were carried out for clinical suspicion of an injury or when indicated by the standard radiographs. Sixteen patients (14%) had a single cross-table lateral view for radiological assessment of the cervical spine during initial trauma evaluation, Twenty-nine patients had a three-view cervical spine series (anteroposterior, lateral, odontoid) and 81 patients underwent extended radiological examinations by cervical CT scan (n=52), functional flexion/extension views (n=26) or MRI (n=3). Correct diagnosis was made in 107 patients (91%) during primary trauma evaluation, whereas in 11 patients (9%) our approach to clear the cervical spine failed to detect significant cervical spine injuries. In six patients skeletal injuries were missed by a single lateral view and in two patients by a three-view standard series because inadequate radiographs with poor technical quality or incomplete visualization of the cervical spine did not show the extent of the injury. In three cases ligamentous injuries were missed despite complete sets of standard radiographs and cervical CT scan, but without functional radiography. Common methods for cervical spine evaluation in critically injured patients were plain radiographs, cervical CT scan and functional flexion/extension views. Cervical CT scan was the most efficient imaging tool in detecting skeletal injuries, showing a sensitivity of 100%. A single cross-table lateral view appeared to be insufficient, as we found a sensitivity of only 63%. Functional radiography or MRI was also necessary, as plain radiographs and CT scan failed to detect significant ligamentous injuries in 6% of the patients. For more comprehensive assessment of the C-spine, we presented a new C-spine protocol based on the authors' experiences, with the aim to avoid unnecessary delays in diagnosis.",0.09,1196,12.284128289473685,1999,"- Types of studies: studies that compared the accuracy of the NEXUS criteria or the Canadian C-spine Rule, or both, with the reference standard
- Types of studies: diagnostic studies with cross-sectional or cohort designs (retrospective or prospective), and randomized controlled trials
- Types of studies: studies that use plain radiography, computed tomography (CT) or magnetic resonance imaging (MRI) of the cervical spine as reference standards
- Participants: children between the age of 0 and 18 who underwent blunt trauma evaluation in the emergency department
- Index tests: NEXUS criteria and the Canadian C-spine Rule, or tools in which the clinical variables contained four or more elements that are also part of the NEXUS criteria or the Canadian C-spine Rule
- Target conditions: clinically-important CSI, defined as any fracture, dislocation, or ligamentous instability detectable by diagnostic imaging
- Reference standards: Radiographic imaging (plain radiography, CT or MRI or both) or clinical follow-up (if the index test was scored negative)",Jev probability below carried-forward fixed threshold 0.50
CD011686,19875425,Implementation of the Canadian C-Spine Rule: prospective 12 centre cluster randomised trial.,"OBJECTIVE: To evaluate the effectiveness of an active strategy to implement the validated Canadian C-Spine Rule into multiple emergency departments. DESIGN: Matched pair cluster randomised trial. SETTING: University and community emergency departments in Canada. Participants 11 824 alert and stable adults presenting with blunt trauma to the head or neck at one of 12 hospitals. INTERVENTIONS: Six hospitals were randomly allocated to the intervention and six to the control. At the intervention sites, active strategies were used to implement the Canadian C-Spine Rule, including education, policy, and real time reminders on radiology requisitions. No specific intervention was introduced to alter the behaviour of doctors requesting cervical spine imaging at the control sites. MAIN OUTCOME MEASURE: Diagnostic imaging rate of the cervical spine during two 12 month before and after periods. RESULTS: Patients were balanced between control and intervention sites. From the before to the after periods, the intervention group showed a relative reduction in cervical spine imaging of 12.8% (95% confidence interval 9% to 16%; 61.7% v 53.3%; P=0.01) and the control group a relative increase of 12.5% (7% to 18%; 52.8% v 58.9%; P=0.03). These changes were significant when both groups were compared (P<0.001). No fractures were missed and no adverse outcomes occurred. CONCLUSIONS: Implementation of the Canadian C-Spine Rule led to a significant decrease in imaging without injuries being missed or patient morbidity. Final imaging rates were much lower at intervention sites than at most US hospitals. Widespread implementation of this rule could lead to reduced healthcare costs and more efficient patient flow in busy emergency departments worldwide. TRIAL REGISTRATION: Clinical trials NCT00290875.",0.09,1214,12.469161184210526,1999,"- Types of studies: studies that compared the accuracy of the NEXUS criteria or the Canadian C-spine Rule, or both, with the reference standard
- Types of studies: diagnostic studies with cross-sectional or cohort designs (retrospective or prospective), and randomized controlled trials
- Types of studies: studies that use plain radiography, computed tomography (CT) or magnetic resonance imaging (MRI) of the cervical spine as reference standards
- Participants: children between the age of 0 and 18 who underwent blunt trauma evaluation in the emergency department
- Index tests: NEXUS criteria and the Canadian C-spine Rule, or tools in which the clinical variables contained four or more elements that are also part of the NEXUS criteria or the Canadian C-spine Rule
- Target conditions: clinically-important CSI, defined as any fracture, dislocation, or ligamentous instability detectable by diagnostic imaging
- Reference standards: Radiographic imaging (plain radiography, CT or MRI or both) or clinical follow-up (if the index test was scored negative)",Jev probability below carried-forward fixed threshold 0.50
CD011686,20457772,Multicentre prospective validation of use of the Canadian C-Spine Rule by triage nurses in the emergency department.,"OBJECTIVES: The Canadian C-Spine Rule for imaging of the cervical spine was developed for use by physicians. We believe that nurses in the emergency department could use this rule to clinically clear the cervical spine. We prospectively evaluated the accuracy, reliability and acceptability of the Canadian C-Spine Rule when used by nurses. METHODS: We conducted this three-year prospective cohort study in six Canadian emergency departments. The study involved adult trauma patients who were alert and whose condition was stable. We provided two hours of training to 191 triage nurses. The nurses then assessed patients using the Canadian C-Spine Rule, including determination of neck tenderness and range of motion, reapplied immobilization and completed a data form. RESULTS: Of the 3633 study patients, 42 (1.2%) had clinically important injuries of the cervical spine. The kappa value for interobserver assessments of 498 patients with the Canadian C-Spine Rule was 0.78. We calculated sensitivity of 100.0% (95% confidence interval [CI] 91.0%-100.0%) and specificity of 43.4% (95% CI 42.0%-45.0%) for the Canadian C-Spine Rule as interpreted by the investigators. The nurses classified patients with a sensitivity of 90.2% (95% CI 76.0%-95.0%) and a specificity of 43.9% (95% CI 42.0%-46.0%). Early in the study, nurses failed to identify four cases of injury, despite the presence of clear high-risk factors. None of these patients suffered sequelae, and after retraining there were no further missed cases. We estimated that for 40.7% of patients, the cervical spine could be cleared clinically by nurses. Nurses reported discomfort in applying the Canadian C-Spine Rule in only 4.8% of cases. CONCLUSION: Use of the Canadian C-Spine Rule by nurses was accurate, reliable and clinically acceptable. Widespread implementation by nurses throughout Canada and elsewhere would diminish patient discomfort and improve patient flow in overcrowded emergency departments.",0.09,1223,12.561677631578947,1999,"- Types of studies: studies that compared the accuracy of the NEXUS criteria or the Canadian C-spine Rule, or both, with the reference standard
- Types of studies: diagnostic studies with cross-sectional or cohort designs (retrospective or prospective), and randomized controlled trials
- Types of studies: studies that use plain radiography, computed tomography (CT) or magnetic resonance imaging (MRI) of the cervical spine as reference standards
- Participants: children between the age of 0 and 18 who underwent blunt trauma evaluation in the emergency department
- Index tests: NEXUS criteria and the Canadian C-spine Rule, or tools in which the clinical variables contained four or more elements that are also part of the NEXUS criteria or the Canadian C-spine Rule
- Target conditions: clinically-important CSI, defined as any fracture, dislocation, or ligamentous instability detectable by diagnostic imaging
- Reference standards: Radiographic imaging (plain radiography, CT or MRI or both) or clinical follow-up (if the index test was scored negative)",Jev probability below carried-forward fixed threshold 0.50
CD011686,3789288,Role of routine emergency cervical radiography in head trauma.,"This review of 406 patients with head injury examines the role of emergency cervical radiography in head trauma and the frequency of associated cervical spine injury. Of 293 patients who had emergency cervical radiography (72 percent), 8 showed some abnormality, but only 5 (1.2 percent) were significant for cervical spine injury. All eight patients were, however, clinically suspected to have associated cervical spine injury before emergency cervical radiography. One hundred thirteen patients (28 percent) did not undergo emergency cervical radiography based on clinical evaluation, and none was subsequently found to have a missed cervical spine injury. There was no correlation between severity of head injury and the presence of associated cervical spine injury (p greater than 0.16). Head trauma is infrequently associated with cervical spine injury and when present is usually not clinically occult. Emergency cervical radiography is not efficacious and should not be routine in the emergency room management of head trauma. When associated cervical spine injury is clinically suspected, adequate cervical immobilization should be maintained and cervical radiography performed on a low priority basis. Head injury due to automobile and pedestrian or motorcycle and automobile accident may be more likely to be associated with cervical spine injury.",0.08,1297,13.322368421052632,1999,"- Types of studies: studies that compared the accuracy of the NEXUS criteria or the Canadian C-spine Rule, or both, with the reference standard
- Types of studies: diagnostic studies with cross-sectional or cohort designs (retrospective or prospective), and randomized controlled trials
- Types of studies: studies that use plain radiography, computed tomography (CT) or magnetic resonance imaging (MRI) of the cervical spine as reference standards
- Participants: children between the age of 0 and 18 who underwent blunt trauma evaluation in the emergency department
- Index tests: NEXUS criteria and the Canadian C-spine Rule, or tools in which the clinical variables contained four or more elements that are also part of the NEXUS criteria or the Canadian C-spine Rule
- Target conditions: clinically-important CSI, defined as any fracture, dislocation, or ligamentous instability detectable by diagnostic imaging
- Reference standards: Radiographic imaging (plain radiography, CT or MRI or both) or clinical follow-up (if the index test was scored negative)",Jev probability below carried-forward fixed threshold 0.50
CD011686,15039695,Retrospective application of the NEXUS low-risk criteria for cervical spine radiography in Canadian emergency departments.,"STUDY OBJECTIVE: We evaluate the accuracy, reliability, and potential impact of the National Emergency X-Radiography Utilization Study (NEXUS) low-risk criteria for cervical spine radiography, when applied in Canadian emergency departments (EDs). METHODS: The Canadian C-Spine Rule derivation study was a prospective cohort study conducted in 10 Canadian EDs that recruited alert and stable adult trauma patients. Physicians completed a 20-item data form for each patient and performed interobserver assessments when feasible. The prospective assessments included the 5 individual NEXUS criteria but not an explicit interpretation of the overall need for radiography according to the criteria. Patients underwent plain radiography, flexion-extension views, and computed tomography at the discretion of the treating physician. Patients who did not have radiography were followed up with a structured outcome assessment by telephone to determine clinically important cervical spine injury, a previously validated outcome measurement. Analyses included sensitivity and specificity with 95% confidence interval (CI), kappa coefficient, and potential radiography rates. RESULTS: Among 8,924 patients, 151 (1.7%) patients had an important cervical spine injury. The combined NEXUS criteria identified important cervical spine injury with a sensitivity of 92.7% (95% CI 87% to 96%) and a specificity of 37.8% (95% CI 37% to 39%). Application of the NEXUS criteria would have potentially reduced cervical spine radiography rates by 6.1% from the actual rate of 68.9% to 62.8%. Of 11 patients with important injuries not identified, 2 were treated with internal fixation and 3 with a halo. CONCLUSION: This retrospective validation found the NEXUS low-risk criteria to be less sensitive than previously reported. The NEXUS low-risk criteria should be further explicitly and prospectively evaluated for accuracy and reliability before widespread clinical use outside of the United States.",0.08,1473,15.131578947368421,1999,"- Types of studies: studies that compared the accuracy of the NEXUS criteria or the Canadian C-spine Rule, or both, with the reference standard
- Types of studies: diagnostic studies with cross-sectional or cohort designs (retrospective or prospective), and randomized controlled trials
- Types of studies: studies that use plain radiography, computed tomography (CT) or magnetic resonance imaging (MRI) of the cervical spine as reference standards
- Participants: children between the age of 0 and 18 who underwent blunt trauma evaluation in the emergency department
- Index tests: NEXUS criteria and the Canadian C-spine Rule, or tools in which the clinical variables contained four or more elements that are also part of the NEXUS criteria or the Canadian C-spine Rule
- Target conditions: clinically-important CSI, defined as any fracture, dislocation, or ligamentous instability detectable by diagnostic imaging
- Reference standards: Radiographic imaging (plain radiography, CT or MRI or both) or clinical follow-up (if the index test was scored negative)",Jev probability below carried-forward fixed threshold 0.50
CD011686,21785095,Screening cervical spine CT in a level I trauma center: overutilization?,"OBJECTIVE: The objective of our study was to analyze the use of screening cervical spine CT performed after trauma and establish the opportunity of potentially avoidable studies when evidence-based clinical criteria are applied before imaging. MATERIALS AND METHODS: All cervical spine CT examinations performed in the emergency department of a level 1 trauma center between January and December 2008 on adult patients with trauma were analyzed; 1589 studies were evaluated. Radiology reports and clinical data were reviewed for the presence of fracture or ligamentous injury and for the mode of injury. We also looked for documentation of clinical criteria used to perform the CT study. In particular, we looked for mention of posterior midline cervical tenderness, focal neurologic deficit, level of alertness, evidence of intoxication, and clinically apparent distracting injury. These five criteria were established by the National Emergency X-Radiography Utilization Study (NEXUS) to identify patients with a low probability of cervical spine injury who consequently needed no cervical spine imaging. RESULTS: Of the 1589 studies reviewed, 41 (2.6%) were positive for an acute cervical spine injury and 1524 (95.9%) were negative. The remaining 24 studies (1.5%) were indeterminate on the initial CT examination but subsequent imaging and clinical follow-up failed to show acute injury. Of the 1524 examinations with no acute injury, 364 (23.9%) had no documentation of any of the five NEXUS low-risk criteria. CONCLUSION: The strict application of the NEXUS low-risk criteria could potentially reduce the number of screening cervical spine CT examinations in the setting of trauma in more than 20% of cases, thereby avoiding a significant amount of unnecessary radiation and significant cost.",0.08,1532,15.738075657894736,1999,"- Types of studies: studies that compared the accuracy of the NEXUS criteria or the Canadian C-spine Rule, or both, with the reference standard
- Types of studies: diagnostic studies with cross-sectional or cohort designs (retrospective or prospective), and randomized controlled trials
- Types of studies: studies that use plain radiography, computed tomography (CT) or magnetic resonance imaging (MRI) of the cervical spine as reference standards
- Participants: children between the age of 0 and 18 who underwent blunt trauma evaluation in the emergency department
- Index tests: NEXUS criteria and the Canadian C-spine Rule, or tools in which the clinical variables contained four or more elements that are also part of the NEXUS criteria or the Canadian C-spine Rule
- Target conditions: clinically-important CSI, defined as any fracture, dislocation, or ligamentous instability detectable by diagnostic imaging
- Reference standards: Radiographic imaging (plain radiography, CT or MRI or both) or clinical follow-up (if the index test was scored negative)",Jev probability below carried-forward fixed threshold 0.50
CD011686,24035123,"Screening cervical spine CT in the emergency department, phase 3: increasing effectiveness of imaging.","PURPOSE: The aim of this study was to determine the effect of a clinical education initiative on the appropriate utilization of screening cervical spine CT in the emergency department. The purpose was to assess if clinical education can produce stricter adherence to the ACR Appropriateness Criteria and improve the utilization of screening CT examinations in the emergency department. METHODS: Institutional review board approval was obtained for this HIPAA-compliant study. All adult patients presenting to a level 1 trauma center with blunt trauma prompting screening cervical spine CT were eligible. For each study, the requesting clinician completed a survey selecting all clinical indications. CT examinations were evaluated by a board-certified radiologist blinded to survey data. Results were compared with retrospective and prospective studies performed before the institution of the education initiative. RESULTS: Of the 388 cervical spine CT examinations performed, 12 (3.1%) were positive for acute cervical spine injury, compared to only 1.0% before the clinical education program (phase 2). Of the 376 examinations without injury, 13% met all 5 National Emergency X-Radiography Utilization Study criteria for nonimaging (down from 16.1% in phase 2), and 15 (4%) required no imaging when both National Emergency X-Radiography Utilization Study and abbreviated Canadian cervical spine rule criteria were applied. CONCLUSIONS: Implementation of a clinical education initiative resulted in improved adherence to ACR Appropriateness Criteria and improved clinical effectiveness of the studies by increasing fracture detection rate. Initiatives such as these could potentially influence imaging overutilization without burdening emergency department clinicians with excessive roadblocks to image ordering.",0.08,1552,15.943667763157896,1999,"- Types of studies: studies that compared the accuracy of the NEXUS criteria or the Canadian C-spine Rule, or both, with the reference standard
- Types of studies: diagnostic studies with cross-sectional or cohort designs (retrospective or prospective), and randomized controlled trials
- Types of studies: studies that use plain radiography, computed tomography (CT) or magnetic resonance imaging (MRI) of the cervical spine as reference standards
- Participants: children between the age of 0 and 18 who underwent blunt trauma evaluation in the emergency department
- Index tests: NEXUS criteria and the Canadian C-spine Rule, or tools in which the clinical variables contained four or more elements that are also part of the NEXUS criteria or the Canadian C-spine Rule
- Target conditions: clinically-important CSI, defined as any fracture, dislocation, or ligamentous instability detectable by diagnostic imaging
- Reference standards: Radiographic imaging (plain radiography, CT or MRI or both) or clinical follow-up (if the index test was scored negative)",Jev probability below carried-forward fixed threshold 0.50
CD011686,6878504,[Roentgenologic diagnosis of the cervical spine in childhood].,"The degree of lordosis and mobility of the cervical spine, the ""formation of steps"" at the top end of the cervical spine, the Atlas-Dens distance, the diameter of the bony cervical spine canal and the breadth of the retropharyngeal and retrotracheal space were measured on 360 lateral radiograms of the cervical spine in the median position, at maximum flexion and maximum extension. The subjects were 120 children aged three to 14 years. The discussion of the results draws attention to their practical value and to the importance of functional radiographical examination of the cervical spine during childhood.",0.07,1790,18.390213815789473,1999,"- Types of studies: studies that compared the accuracy of the NEXUS criteria or the Canadian C-spine Rule, or both, with the reference standard
- Types of studies: diagnostic studies with cross-sectional or cohort designs (retrospective or prospective), and randomized controlled trials
- Types of studies: studies that use plain radiography, computed tomography (CT) or magnetic resonance imaging (MRI) of the cervical spine as reference standards
- Participants: children between the age of 0 and 18 who underwent blunt trauma evaluation in the emergency department
- Index tests: NEXUS criteria and the Canadian C-spine Rule, or tools in which the clinical variables contained four or more elements that are also part of the NEXUS criteria or the Canadian C-spine Rule
- Target conditions: clinically-important CSI, defined as any fracture, dislocation, or ligamentous instability detectable by diagnostic imaging
- Reference standards: Radiographic imaging (plain radiography, CT or MRI or both) or clinical follow-up (if the index test was scored negative)",Jev probability below carried-forward fixed threshold 0.50
CD011686,7572503,Frequency and significance of fractures of the upper cervical spine detected by CT in patients with severe neck trauma.,"OBJECTIVE: Radiographic evaluation of the upper cervical spine in patients who have suffered severe trauma is often problematic because of the difficulty of obtaining adequate open-mouth views of the odontoid in these critically ill patients. This study was undertaken to determine the frequency and clinical significance of upper cervical spine fractures detected by CT in this patient population. MATERIALS AND METHODS: The study group consisted of 100 consecutive patients brought to the emergency department after severe trauma who had CT of the craniocervical junction done instead of an open-mouth view. Plain film evaluation consisted of a cross-table lateral view, an anteroposterior view, and, if necessary, a swimmer's view. The radiographic studies were reviewed retrospectively by a musculoskeletal radiologist and a neuroradiologist, respectively. Hospital records were reviewed to ascertain the patients' clinical signs and symptoms on admittance and to determine how identification of the fractures changed the treatment plan. RESULTS: Eight fractures in seven patients were identified with CT of the craniocervical junction. Three of the fractures were of the occipital condyle, and five were at the C1-C2 level. None of the fractures were seen directly on plain radiographs, although secondary signs of injury such as prevertebral soft-tissue swelling were seen in two of the seven cases. CONCLUSION: CT of the craniocervical junction revealed an 8% frequency of fractures of the occipital condyle and C1-C2 that were undetected on the cross-table lateral cervical spine radiographs. Fractures occurred in greater numbers than expected, and all surviving patients were stabilized with a halo. This experience shows that CT is an efficient method of evaluating patients in whom the standard open-mouth radiograph of the odontoid cannot be done.",0.07,1815,18.64720394736842,1999,"- Types of studies: studies that compared the accuracy of the NEXUS criteria or the Canadian C-spine Rule, or both, with the reference standard
- Types of studies: diagnostic studies with cross-sectional or cohort designs (retrospective or prospective), and randomized controlled trials
- Types of studies: studies that use plain radiography, computed tomography (CT) or magnetic resonance imaging (MRI) of the cervical spine as reference standards
- Participants: children between the age of 0 and 18 who underwent blunt trauma evaluation in the emergency department
- Index tests: NEXUS criteria and the Canadian C-spine Rule, or tools in which the clinical variables contained four or more elements that are also part of the NEXUS criteria or the Canadian C-spine Rule
- Target conditions: clinically-important CSI, defined as any fracture, dislocation, or ligamentous instability detectable by diagnostic imaging
- Reference standards: Radiographic imaging (plain radiography, CT or MRI or both) or clinical follow-up (if the index test was scored negative)",Jev probability below carried-forward fixed threshold 0.50
CD011686,11371842,Evaluation of the Oxford protocol for total spinal clearance in the unconscious trauma patient.,"BACKGROUND: Prolonged use of spinal precautions in unconscious trauma patients is associated with significant morbidity. The trauma service of the John Radcliffe Hospital uses full-length radiography, computed tomographic scanning, and dynamic screening of the cervical spine to clear the spine at the earliest opportunity. METHODS: The results in 210 consecutive patients were reviewed. Seventy-eight patients underwent dynamic screening of the cervical spine. RESULTS: Five of these patients had a cervical fracture or instability. One patient had demonstrated minor changes only on plain radiography but gross instability on dynamic screening. There were no neurologic sequelae from dynamic screening and no fractures were missed. Collar removal was possible in all but one patient a median 3 days before extubation and 1 day after admission to the intensive care unit. CONCLUSION: Full length spinal radiography and dynamic cervical screening may allow early and safe discontinuation of spinal precautions in the unconscious trauma patient in whom clinical signs are absent or unreliable.",0.07,1884,19.356496710526315,1999,"- Types of studies: studies that compared the accuracy of the NEXUS criteria or the Canadian C-spine Rule, or both, with the reference standard
- Types of studies: diagnostic studies with cross-sectional or cohort designs (retrospective or prospective), and randomized controlled trials
- Types of studies: studies that use plain radiography, computed tomography (CT) or magnetic resonance imaging (MRI) of the cervical spine as reference standards
- Participants: children between the age of 0 and 18 who underwent blunt trauma evaluation in the emergency department
- Index tests: NEXUS criteria and the Canadian C-spine Rule, or tools in which the clinical variables contained four or more elements that are also part of the NEXUS criteria or the Canadian C-spine Rule
- Target conditions: clinically-important CSI, defined as any fracture, dislocation, or ligamentous instability detectable by diagnostic imaging
- Reference standards: Radiographic imaging (plain radiography, CT or MRI or both) or clinical follow-up (if the index test was scored negative)",Jev probability below carried-forward fixed threshold 0.50
CD011686,15707805,Implementation of the Canadian C-spine rule reduces cervical spine x-ray rate for alert patients with potential neck injury.,"The objectives of this before-and-after study of alert, stable adult patients presenting to the Emergency Department of Western Hospital with potential neck injuries who were immobilized in hard cervical collars were to determine the impact of implementation of the Canadian C-spine rule on x-ray ordering rates and whether implementation of the rule reduced time in hard collars for patients with potential neck injury. Data collected included demographics, mechanism of injury, x-ray rate, and time in hard collar. Data analysis was by chi-square test for proportions and Mann-Whitney U test for continuous variables. There were 211 patients studied. The x-ray ordering rate decreased from 67% to 50% (25% relative reduction, p = 0.0187). Time in hard collar was also reduced from a median of 128 min to a median of 103 min (effect size 25.5 min), but this did not reach statistical significance. Implementation of the Canadian C-spine rule reduced x-ray ordering by 25%.",0.07,1929,19.81907894736842,1999,"- Types of studies: studies that compared the accuracy of the NEXUS criteria or the Canadian C-spine Rule, or both, with the reference standard
- Types of studies: diagnostic studies with cross-sectional or cohort designs (retrospective or prospective), and randomized controlled trials
- Types of studies: studies that use plain radiography, computed tomography (CT) or magnetic resonance imaging (MRI) of the cervical spine as reference standards
- Participants: children between the age of 0 and 18 who underwent blunt trauma evaluation in the emergency department
- Index tests: NEXUS criteria and the Canadian C-spine Rule, or tools in which the clinical variables contained four or more elements that are also part of the NEXUS criteria or the Canadian C-spine Rule
- Target conditions: clinically-important CSI, defined as any fracture, dislocation, or ligamentous instability detectable by diagnostic imaging
- Reference standards: Radiographic imaging (plain radiography, CT or MRI or both) or clinical follow-up (if the index test was scored negative)",Jev probability below carried-forward fixed threshold 0.50
CD011686,22057542,Evaluation of acute cervical spine imaging based on ACR Appropriateness Criteria®.,"The objectives of this study were to determine the rate of acute blunt cervical spine injury at an academic urban level 1 trauma center and to evaluate the utilization of cervical spine imaging based on the established American College of Radiology (ACR) Appropriateness Criteria®. We retrospectively reviewed all radiography and CT imaging of the cervical spine performed over a year period in adult patients presenting with acute blunt cervical spine trauma. Exclusion criteria were children ≤17 years, non-acute trauma of ≥72 h, and penetrating trauma. Any fracture, dislocation, or ligamentous instability demonstrated by diagnostic imaging and requiring stabilization or specialized follow-up was defined as clinically significant cervical spine injury. A total of 1,325 cervical spine studies were reviewed in 1,245 patients; 32.7% (433/1,325) were cervical spine radiographs and 67.3% (892/1,325) were CT examinations. Approximately 1.5% (19/1,245) of the patients demonstrated clinically significant acute cervical spine injury. There were 6.4% (80/1,245) patients who received both cervical spine radiographs and CT as imaging evaluation. Based on the ACR Appropriateness Criteria®, all of the cervical spine radiographs performed (433) were determined to be ""inappropriate"" imaging in the setting of acute cervical spine injury.",0.07,1999,20.538651315789473,1999,"- Types of studies: studies that compared the accuracy of the NEXUS criteria or the Canadian C-spine Rule, or both, with the reference standard
- Types of studies: diagnostic studies with cross-sectional or cohort designs (retrospective or prospective), and randomized controlled trials
- Types of studies: studies that use plain radiography, computed tomography (CT) or magnetic resonance imaging (MRI) of the cervical spine as reference standards
- Participants: children between the age of 0 and 18 who underwent blunt trauma evaluation in the emergency department
- Index tests: NEXUS criteria and the Canadian C-spine Rule, or tools in which the clinical variables contained four or more elements that are also part of the NEXUS criteria or the Canadian C-spine Rule
- Target conditions: clinically-important CSI, defined as any fracture, dislocation, or ligamentous instability detectable by diagnostic imaging
- Reference standards: Radiographic imaging (plain radiography, CT or MRI or both) or clinical follow-up (if the index test was scored negative)",Jev probability below carried-forward fixed threshold 0.50
CD011686,12913629,Radiographic clearance of blunt cervical spine injury: plain radiograph or computed tomography scan?,"BACKGROUND: The purpose of this study was to evaluate the roles of cervical spine radiographs (CSR) and computed tomography of the cervical spine (CTC) in the exclusion of cervical spine injury for adult blunt trauma patients. METHODS: At the authors' institution, all adult blunt trauma patients with physical findings of posterior midline neck tenderness, altered mental status, or neurologic deficit are considered at risk of cervical spine injury and undergo both CSR and CTC for evaluation of the cervical spine. The TRACS database at level 1 of the trauma center at this institution was queried for all blunt trauma patients from November 2000 to October 2001. Patient injury severity score (ISS), Glascow Coma Score (GCS), age, gender, CSR results, CTC results, and treatment data were analyzed. RESULTS: The review included 3,018 blunt trauma patients with appropriate data. For 1,199 of these patients (779 men and 420 women) (40%) at risk for cervical spine injury, both CSR and CTC were performed for cervical spine evaluation. The average age of these patients was 39.4 years (range, 18-89 years). The average GCS was 13 and the average ISS was 8.4 in this study population. In 116 (9.5%) of these patients, a cervical spine injury (fracture or subluxation) was detected. The injury was identified on both CSR and CTC in 75 of these patients. In the remaining 41 patients (3.2%), the CSR results were negative, but injury was detected by CTC. All these injuries missed by CSR required treatment. For this group with false-negative CSR, the average GCS was 12 and the average ISS was 14.6. There were no missed cervical spine injuries among the patients with negative CTC results. CONCLUSION: No identifiable factors predicted false-negative CSR. There does not appear to be any role for CSR screening in this setting. The data from this study add to the growing body of evidence that CTC should replace CSR for the evaluation of the cervical spine in blunt trauma.",0.06,2419,24.85608552631579,1999,"- Types of studies: studies that compared the accuracy of the NEXUS criteria or the Canadian C-spine Rule, or both, with the reference standard
- Types of studies: diagnostic studies with cross-sectional or cohort designs (retrospective or prospective), and randomized controlled trials
- Types of studies: studies that use plain radiography, computed tomography (CT) or magnetic resonance imaging (MRI) of the cervical spine as reference standards
- Participants: children between the age of 0 and 18 who underwent blunt trauma evaluation in the emergency department
- Index tests: NEXUS criteria and the Canadian C-spine Rule, or tools in which the clinical variables contained four or more elements that are also part of the NEXUS criteria or the Canadian C-spine Rule
- Target conditions: clinically-important CSI, defined as any fracture, dislocation, or ligamentous instability detectable by diagnostic imaging
- Reference standards: Radiographic imaging (plain radiography, CT or MRI or both) or clinical follow-up (if the index test was scored negative)",rank below the point needed for 95% recall
CD011686,21307733,Computed tomography alone may clear the cervical spine in obtunded blunt trauma patients: a prospective evaluation of a revised protocol.,"BACKGROUND: Cervical spine (CS) clearance in obtunded blunt trauma patients (OBTPs) remains controversial. When computed tomography (CT) of the CS is negative for injury, debate continues over the role of magnetic resonance imaging (MRI). Use of MRI in OBTPs is costly, time-consuming, and potentially dangerous. Our study evaluated the safety of a protocol to discontinue the cervical collar in OBTPs based on CT scan alone. METHODS: A prospective study was performed from October 2006 to September 2008 at a regional Level I trauma center on OBTPs with gross movement of all extremities. After a CT of the CS was read as negative for injury, the CS was cleared and the collar was removed. Patients were then followed prospectively for related complications. RESULTS: One hundred ninety-seven patients had their collars removed and CS cleared at a mean of 3.3 days. There were 144 males (73%), and the average age was 47.1 years. Sixty-two percent of patients were reexamined by a physician when no longer obtunded and found to have no CS signs or symptoms. Five patients (2.5%), when no longer obtunded, had persistent pain for which MRI CS was negative for injury. Coroner reports and autopsies were reviewed for missed spinal cord injuries in the 13% who died before reexamination. One of these patients had an autopsy report of an isolated CS ligamentous injury, deemed to be stable by our attending neurosurgeon. We followed up an additional 12% by phone or chart review, with no report of new onset neurologic deficit. The remaining 11% were lost to follow-up, but no patient contacted our hospital to report deterioration in function. One patient (0.5%) developed a minor CS decubitus ulceration. CONCLUSION: Removal of CS precautions in OBTPs with gross movement of all extremities is safe and efficacious if CT CS is negative for injury. Supplemental MRI CS is not needed in this patient population.",0.05,3397,34.90953947368421,1999,"- Types of studies: studies that compared the accuracy of the NEXUS criteria or the Canadian C-spine Rule, or both, with the reference standard
- Types of studies: diagnostic studies with cross-sectional or cohort designs (retrospective or prospective), and randomized controlled trials
- Types of studies: studies that use plain radiography, computed tomography (CT) or magnetic resonance imaging (MRI) of the cervical spine as reference standards
- Participants: children between the age of 0 and 18 who underwent blunt trauma evaluation in the emergency department
- Index tests: NEXUS criteria and the Canadian C-spine Rule, or tools in which the clinical variables contained four or more elements that are also part of the NEXUS criteria or the Canadian C-spine Rule
- Target conditions: clinically-important CSI, defined as any fracture, dislocation, or ligamentous instability detectable by diagnostic imaging
- Reference standards: Radiographic imaging (plain radiography, CT or MRI or both) or clinical follow-up (if the index test was scored negative)",rank below the point needed for 95% recall
CD011686,21644051,Epidemiology and predictors of spinal injury in adult major trauma patients: European cohort study.,"This is a European cohort study on predictors of spinal injury in adult (≥16 years) major trauma patients, using prospectively collected data of the Trauma Audit and Research Network from 1988 to 2009. Predictors for spinal fractures/dislocations or spinal cord injury were determined using univariate and multivariate logistic regression analysis. 250,584 patients were analysed. 24,000 patients (9.6%) sustained spinal fractures/dislocations alone and 4,489 (1.8%) sustained spinal cord injury with or without fractures/dislocations. Spinal injury patients had a median age of 44.5 years (IQR = 28.8-64.0) and Injury Severity Score of 9 (IQR = 4-17). 64.9% were male. 45% of patients suffered associated injuries to other body regions. Age <45 years (≥45 years OR 0.83-0.94), Glasgow Coma Score (GCS) 3-8 (OR 1.10, 95% CI 1.02-1.19), falls >2 m (OR 4.17, 95% CI 3.98-4.37), sports injuries (OR 2.79, 95% CI 2.41-3.23) and road traffic collisions (RTCs) (OR 1.91, 95% CI 1.83-2.00) were predictors for spinal fractures/dislocations. Age <45 years (≥45 years OR 0.78-0.90), male gender (female OR 0.78, 95% CI 0.72-0.85), GCS <15 (OR 1.36-1.93), associated chest injury (OR 1.10, 95% CI 1.01-1.20), sports injuries (OR 3.98, 95% CI 3.04-5.21), falls >2 m (OR 3.60, 95% CI 3.21-4.04), RTCs (OR 2.20, 95% CI 1.96-2.46) and shooting (OR 1.91, 95% CI 1.21-3.00) were predictors for spinal cord injury. Multilevel injury was found in 10.4% of fractures/dislocations and in 1.3% of cord injury patients. As spinal trauma occurred in >10% of major trauma patients, aggressive evaluation of the spine is warranted, especially, in males, patients <45 years, with a GCS <15, concomitant chest injury and/or dangerous injury mechanisms (falls >2 m, sports injuries, RTCs and shooting). Diagnostic imaging of the whole spine and a diligent search for associated injuries are substantial.",0.05,3410,35.04317434210526,1999,"- Types of studies: studies that compared the accuracy of the NEXUS criteria or the Canadian C-spine Rule, or both, with the reference standard
- Types of studies: diagnostic studies with cross-sectional or cohort designs (retrospective or prospective), and randomized controlled trials
- Types of studies: studies that use plain radiography, computed tomography (CT) or magnetic resonance imaging (MRI) of the cervical spine as reference standards
- Participants: children between the age of 0 and 18 who underwent blunt trauma evaluation in the emergency department
- Index tests: NEXUS criteria and the Canadian C-spine Rule, or tools in which the clinical variables contained four or more elements that are also part of the NEXUS criteria or the Canadian C-spine Rule
- Target conditions: clinically-important CSI, defined as any fracture, dislocation, or ligamentous instability detectable by diagnostic imaging
- Reference standards: Radiographic imaging (plain radiography, CT or MRI or both) or clinical follow-up (if the index test was scored negative)",rank below the point needed for 95% recall
CD012080,18205666,An evaluation of a serologic test with a current infection marker of Helicobacter pylori before and after eradication therapy in Chinese.,"BACKGROUND AND AIMS: Development of an accurate and less cumbersome noninvasive method to detect current Helicobacter pylori infection is essential in clinic. The aim of this study was to evaluate the performance of the CIM test, also known as the Assure H. pylori Rapid Test (Genelabs Diagnostics Pty. Ltd., Singapore), for the diagnosis of current H. pylori infection before and after eradication therapy in Chinese population. METHODS: A total of 452 eligible people were recruited for this study in Jiangsu Province, China. Each individual underwent a 13C urea breath test (13C-UBT). For the evaluation of CIM test after eradication, 115 H. pylori-positive outpatients were treated with 1-week triple therapy. One month after the end of therapy, the patients underwent 13C-UBT again, and the CIM-test was performed 1, 3, and 6 months after the end of therapy. Its performance (sensitivity, specificity, positive and negative predictive values, and accuracy) were determined using the 13C-UBT as a gold standard for H. pylori diagnosis. RESULTS: H. pylori was detected in 221 (65.6%) of the 337 people by 13C-UBT. The sensitivity, specificity, positive and negative predictive values, and accuracy of the CIM test were 93.2%, 90.5%, 94.9%, 87.5%, and 92.3%, respectively, using 13C-UBT as a gold standard. One month after eradication therapy, the sensitivity, specificity of CIM test were only 50% and 66.7%, 66.7% and 84.6% 3-month after eradication therapy and the sensitivity, specificity increased to 85.7% and 96.9%, respectively, when CIM test was used 6 months after the end of anti-H. pylori therapy. CONCLUSIONS: The CIM test is a simple, rapid, accurate, cheap, and near-people test. It may be satisfactory for detecting H. pylori infection in cases without eradication therapy, but it could not differentiate the past or current infection correctly within 6 months after anti-H. pylori therapy.",0.48,857,12.88768443239988,1065,"- Types of studies: studies that evaluate the accuracy of the index tests in the appropriate patient population
- Participants: symptomatic and asymptomatic people in whom H pylori infection status is sought so that eradication therapy for H pylori can be started
- Index tests: Urea breath test-14C, urea breath test-13C, serology, and stool antigen test, alone or in combination
- Target conditions: H pylori infection
- Reference standards: endoscopic biopsy followed by histology (using haemotoxylin and eosin (H & E) stain, special histological stains such as Giemsa stain and Warthin-Starry stain, or immunohistochemical stain)",Jev probability below carried-forward fixed threshold 0.50
CD012080,15361083,Role of noninvasive tests (C-urea breath test and stool antigen test) as additional tools in diagnosis of Helicobacter pylori infection in patients with atrophic body gastritis.,"BACKGROUND: Detection of Helicobacter pylori infection in atrophic body gastritis (ABG) is difficult, as during progression of body atrophy, H. pylori disappears. AIM: To increase the diagnostic yield of detection of active H. pylori infection in atrophic body gastritis patients by using noninvasive tests such as (13)C-Urea Breath Test ((13)C-UBT) and H. pylori stool antigen test (HpSA) would be useful. PATIENTS: 27 consecutive patients with newly-diagnosed atrophic body gastritis (19F/7M, age 27-73 years). METHODS: Gastroscopy with biopsies (antrum n = 3, body n = 3) and histology according to updated Sydney system, H. pylori IgG serology, (13)C-UBT, and HpSA. RESULTS: All tests used in the diagnosis of H. pylori infection were in agreement in 9/27 atrophic body gastritis patients (33.3%), being all positive in four (14.8%) and all negative in five patients (18.5%). Ten of the 27 (37%) patients were Giemsa stain-positive and serology-positive (group I). Seventeen of the 27 (63%) patients were Giemsa stain-negative: 5/17 with positive serology (group II) and 12/17 with negative serology (group III). In group I, 5/10 (50%) were (13)C-UBT positive and 4/10 (40%) HpSA positive. In group II, two patients were (13)C-UBT positive, but all were HpSA negative. Also in group III, all patients were HpSA negative, but one had a positive (13)C-UBT. CONCLUSIONS: In atrophic body gastritis patients, neither (13)C-UBT nor HpSA per se add useful information regarding active H. pylori infection, but these noninvasive tests may be important in combination with histology and serology to define the H. pylori status in some atrophic body gastritis patients.",0.45,903,13.580246913580247,1065,"- Types of studies: studies that evaluate the accuracy of the index tests in the appropriate patient population
- Participants: symptomatic and asymptomatic people in whom H pylori infection status is sought so that eradication therapy for H pylori can be started
- Index tests: Urea breath test-14C, urea breath test-13C, serology, and stool antigen test, alone or in combination
- Target conditions: H pylori infection
- Reference standards: endoscopic biopsy followed by histology (using haemotoxylin and eosin (H & E) stain, special histological stains such as Giemsa stain and Warthin-Starry stain, or immunohistochemical stain)",Jev probability below carried-forward fixed threshold 0.50
CD012080,16702846,"Chronic Helicobacter pylori infection in a population in southern Sweden analysed by histopathology, immunoblot and ELISA serology.","BACKGROUND: Many individuals are infected with the bacterium Helicobacter pylori. Some develop ulcers or mucosal atrophy. AIMS: To correlate the histological characteristics of the H. pylori -induced gastritis to the immunoblot pattern of the H. pylori infection and to compare the presence of H. pylori bacteria in tissue specimens with ELISA serology and immunoblot analysis. METHODS: One hundred and sixty-six consecutive patients were referred to gastroscopy. Forty patients were excluded for various reasons and 126 were included in the study. RESULTS: Twenty-three patients had ulcerations and 25 erosions. Ninety-two (73%) had a chronic gastritis and in 90 (71%) it involved both the antrum and corpus. Ninety-one (72%), of whom 96% had a chronic gastritis, had visible bacteria in the tissue specimens, used as the 'gold standard' for the detection of infection. In patients with chronic gastritis 65 (70%) had positive H. pylori ELISA serology, 27 (30%) had negative H. pylori ELISA, while 76 (83%) had a positive immunoblot pattern. The ELISA positive patients had more advanced chronic gastritis but a lower frequency of metaplasia and atrophy. Acute inflammatory activity in the chronic gastritis had a high immunoreactivity to 120 kDa (CagA) protein and was significantly correlated to antibody reactivity to proteins in the 53-65 kDa range (heat shock proteins) and to a 43 kDa subunit. Metaplasia and atrophy in antrum was associated with a 62 kDa protein band. CONCLUSION: Almost all H. pylori-infected patients had a pangastritis, visible in both antrum and corpus. Acute inflammatory activity in the chronic gastritis and the presence of metaplasia and atrophy in antrum were associated with a specific immunoblot pattern, indicating infection with more virulent strains. Immunoblot analysis had a better sensitivity than ELISA H. pylori serology.",0.44,917,13.79102679915688,1065,"- Types of studies: studies that evaluate the accuracy of the index tests in the appropriate patient population
- Participants: symptomatic and asymptomatic people in whom H pylori infection status is sought so that eradication therapy for H pylori can be started
- Index tests: Urea breath test-14C, urea breath test-13C, serology, and stool antigen test, alone or in combination
- Target conditions: H pylori infection
- Reference standards: endoscopic biopsy followed by histology (using haemotoxylin and eosin (H & E) stain, special histological stains such as Giemsa stain and Warthin-Starry stain, or immunohistochemical stain)",Jev probability below carried-forward fixed threshold 0.50
CD012080,18606579,Diagnostic value of rapid urease test and urea breath test for Helicobacter pylori detection in patients with Billroth II gastrectomy: a prospective controlled trial.,"AIM: The aim of this work was to assess the reliability of rapid urease test (RUT) and urea breath test (UBT) for detecting Helicobacter pylori (H. pylori) in patients with Billroth II (BII) gastrectomy, using histology as reference. METHODS: In this prospective controlled study, 31 consecutive patients with BII gastrectomy and 73 controls who had an indication for endoscopy were included. Their H. pylori status was assessed with biopsies for histology, RUT and UBT. Histology served as the gold standard. Only the biopsies from the gastric fundus were evaluated. Specificity, sensitivity, positive and negative predictive value, degree of agreement and k-statistics were used. RESULTS: RUT and UBT for detecting H. pylori in the control group had excellent agreement [97%, kappa (k)=0.94 and 99%, k=0.97 respectively] with biopsies. In BII patients, RUT from fundic biopsies had very good agreement (87%, k=0.74) compared to histology from fundic biopsies, whereas the UBT was unreliable (agreement: 71%, k=0.41) compared to histology. CONCLUSION: The RUT from fundic biopsies in BII patients is a reliable test for H. pylori detection, whereas the UBT is unreliable.",0.43,936,14.077085215296597,1065,"- Types of studies: studies that evaluate the accuracy of the index tests in the appropriate patient population
- Participants: symptomatic and asymptomatic people in whom H pylori infection status is sought so that eradication therapy for H pylori can be started
- Index tests: Urea breath test-14C, urea breath test-13C, serology, and stool antigen test, alone or in combination
- Target conditions: H pylori infection
- Reference standards: endoscopic biopsy followed by histology (using haemotoxylin and eosin (H & E) stain, special histological stains such as Giemsa stain and Warthin-Starry stain, or immunohistochemical stain)",Jev probability below carried-forward fixed threshold 0.50
CD012080,9360867,Prospective screening of dyspeptic patients by Helicobacter pylori serology: a safe policy? The Italian Helicobacter pylori Study Group.,"BACKGROUND AND STUDY AIMS: Endoscopic screening of all dyspeptic patients is not cost-effective, nor is it feasible in many health-care delivery systems. To select the most appropriate candidates, various preendoscopic screening strategies have been proposed, some of which include Helicobacter pylori serology and patient age. We assessed the value of these two criteria in preendoscopic screening of a large series of dyspeptic patients, and compared the results obtained in a referral hospital (university center with an extensive H. pylori research program) with those in nonreferral hospital (participating centers that did not have such a program). PATIENTS AND METHODS: Blood samples for determination of anti-H. pylori IgG antibody were collected from patients with uninvestigated dyspepsia undergoing endoscopy at one referral hospital and in 93 nonreferral hospitals throughout Italy. For IgG antibody assay, an in-house enzyme-linked immunosorbent assay (ELISA) technique was used in the referral hospital, while a commercial kit was used in the nonreferral hospitals. RESULTS: A total of 1638 patients were evaluated at the referral hospital (845 men and 793 women, mean age 46.1 years, range 18-89), and 3281 at the nonreferral hospitals (1718 men and 1563 women, mean age 48.8, range 18-96), respectively. If endoscopy had not been performed in patients who were seronegative for H. pylori and younger than 45 years, 19% versus 17.5% of the tests would have been avoided in the referral and nonreferral hospitals, respectively, while six of 304 ulcers (2%) and no cancers would have been missed versus 35 of 557 ulcers (6.3%) and two of 557 cancers (0.3%). CONCLUSIONS: A screening strategy based on age and H. pylori serology is a valid means of selecting dyspeptic patients for endoscopy; however, the policy needs further refinement for use in nonreferral hospitals.",0.38,999,15.025594700391448,1065,"- Types of studies: studies that evaluate the accuracy of the index tests in the appropriate patient population
- Participants: symptomatic and asymptomatic people in whom H pylori infection status is sought so that eradication therapy for H pylori can be started
- Index tests: Urea breath test-14C, urea breath test-13C, serology, and stool antigen test, alone or in combination
- Target conditions: H pylori infection
- Reference standards: endoscopic biopsy followed by histology (using haemotoxylin and eosin (H & E) stain, special histological stains such as Giemsa stain and Warthin-Starry stain, or immunohistochemical stain)",Jev probability below carried-forward fixed threshold 0.50
CD012080,8651161,Detection of Helicobacter pylori infection by saliva IgG testing.,"OBJECTIVES: Most currently available tests for the detection of Helicobacter pylori are invasive, time consuming, or impractical. We examined the test performance of a simple and rapidly administered salivary IgG assay kit in the diagnosis of Helicobacter pylori infection. METHODS: Patients referred to a tertiary care setting for upper gastrointestinal endoscopy were included in a prospective evaluation of the test performance of the Helisal Kit which uses an ELISA technique to determine IgG antibodies in saliva. The results of the salivary IgG assay were compared to those of the Helisal Serum Kit, and to gastric histology. Two by two contingency table analyses were performed, and 95% confidence intervals (CI) were determined. RESULTS: Upper gastrointestinal endoscopy was performed on 106 patients over a 3-month period. A statistically significant correlation was found between the blood and saliva IgG results (r = 0.60, p = 0.0001). When compared to serum IgG, the salivary assay test performance was: sensitivity 84% (CI: 70-93%), specificity 81% (CI: 69-90%), positive predictive value 76% (CI: 61-87%), negative predictive value 88% (CI: 76-95%), and diagnostic accuracy 88% (CI: 76-95%). Compared with gastric histology, the test performance of the salivary IgG assay decreased to: sensitivity 66% (CI: 52-79%), specificity 74% (CI: 60-85%), positive predictive value 71% (CI: 57-83%), negative predictive value 68% (CI: 55-80%), and diagnostic accuracy 70% (CI: 60-78%). More specifically, the salivary assay gave false-negative results in nine of 17 patients with duodenal ulcers. Results did not vary significantly when outcomes of the salivary and serum assays were combined. The incremental information obtained in the salivary test was greatest in the patient population exhibiting an intermediate pretest probability (30-70%) of being infected with Helicobacter. CONCLUSION: The salivary IgG results correlated significantly with the serum IgG titers but exhibited only modest test performance, compared with the results of gastric histology. This salivary test may be most useful in certain patient subpopulations or in specific clinical contexts.",0.37,1026,15.432098765432098,1065,"- Types of studies: studies that evaluate the accuracy of the index tests in the appropriate patient population
- Participants: symptomatic and asymptomatic people in whom H pylori infection status is sought so that eradication therapy for H pylori can be started
- Index tests: Urea breath test-14C, urea breath test-13C, serology, and stool antigen test, alone or in combination
- Target conditions: H pylori infection
- Reference standards: endoscopic biopsy followed by histology (using haemotoxylin and eosin (H & E) stain, special histological stains such as Giemsa stain and Warthin-Starry stain, or immunohistochemical stain)",Jev probability below carried-forward fixed threshold 0.50
CD012080,9707053,Comparison of biopsy and serological methods of diagnosis of Helicobacter pylori infection and the potential role of antibiotics.,"OBJECTIVE: Endoscopic biopsy and serological methods were compared for their ability to detect Helicobacter pylori infection in patients undergoing upper gastrointestinal endoscopy at a state university hospital. METHODS: Subjects were characterized on the basis of gastrointestinal symptoms, endoscopic findings, socioeconomic and demographic features, and the use of certain medications, tobacco, and alcohol. Current infection was detected in gastric antral specimens by rapid urease testing, histopathology, and bacterial culture. Serum levels of IgG to H. pylori were measured by ELISA. RESULTS: Of 240 subjects, 115 (47.9%) were currently infected as determined by rapid urease testing, histopathology, and/or culture results, whereas 63.3% had elevated anti-H. pylori IgG levels (p < 0.001). This difference in the prevalence of current infection and seropositivity was preserved when the study population was analyzed according to age, race, gender, and other characteristics. Prior use of antibiotics was associated with a significant reduction in the frequency of H. pylori infection. CONCLUSIONS: Serological evidence of H. pylori infection was consistently greater than the prevalence of infection documented by biopsy methods in this study, suggesting suppression or recent clearance of infection. Further studies are needed to examine the factors that may affect the detection of H. pylori infection.",0.35,1065,16.019271303824148,1065,"- Types of studies: studies that evaluate the accuracy of the index tests in the appropriate patient population
- Participants: symptomatic and asymptomatic people in whom H pylori infection status is sought so that eradication therapy for H pylori can be started
- Index tests: Urea breath test-14C, urea breath test-13C, serology, and stool antigen test, alone or in combination
- Target conditions: H pylori infection
- Reference standards: endoscopic biopsy followed by histology (using haemotoxylin and eosin (H & E) stain, special histological stains such as Giemsa stain and Warthin-Starry stain, or immunohistochemical stain)",Jev probability below carried-forward fixed threshold 0.50
CD012080,7929755,Comparison of PCR and other diagnostic techniques for detection of Helicobacter pylori infection in dyspeptic patients.,"A sensitive and specific PCR-based assay to detect the Helicobacter pylori 16S rRNA gene present in formalin-fixed paraffin-embedded gastric biopsy specimens has been developed. A total of 95 patients with dyspepsia were evaluated for the presence of chronic active gastritis and an infection with H. pylori through the use of diagnostic assays based on biopsy specimens and serology. The ""gold standard"" for the presence of the bacteria was direct detection in histological sections of biopsy specimens by Giemsa stain. The results obtained with the PCR assay performed on the biopsy specimens (94% sensitivity and 100% specificity) were equivalent to the detection of H. pylori immunoglobulin G antibodies by the commercially available second-generation Cobas Core anti-H. pylori immunoglobulin G enzyme immunoassay (94% sensitivity and 98% specificity) for the diagnosis of H. pylori infection. Urease testing and bacterial culture of the biopsy specimens were inferior (88 and 70% sensitivity and 96% and 98% specificity, respectively). A Western blot (immunoblot) analysis had slightly greater sensitivity (96%), although specificity was reduced to 93%. This research prototype PCR assay was shown to be highly reliable for the detection of infection with H. pylori and the presence of chronic active gastritis in the population studied.",0.34,1081,16.260162601626018,1065,"- Types of studies: studies that evaluate the accuracy of the index tests in the appropriate patient population
- Participants: symptomatic and asymptomatic people in whom H pylori infection status is sought so that eradication therapy for H pylori can be started
- Index tests: Urea breath test-14C, urea breath test-13C, serology, and stool antigen test, alone or in combination
- Target conditions: H pylori infection
- Reference standards: endoscopic biopsy followed by histology (using haemotoxylin and eosin (H & E) stain, special histological stains such as Giemsa stain and Warthin-Starry stain, or immunohistochemical stain)",rank below the point needed for 95% recall
CD012080,17392440,Evaluation of the novel Helicobacter pylori ClariRes real-time PCR assay for detection and clarithromycin susceptibility testing of H. pylori in stool specimens from symptomatic children.,"The aim of the present study was to evaluate the Helicobacter pylori ClariRes assay (Ingenetix, Vienna, Austria) for the detection of H. pylori infection and the simultaneous clarithromycin susceptibility testing of the H. pylori isolates in stool samples from 100 symptomatic children. The results obtained by this novel biprobe real-time PCR method were directly compared with the results obtained from histological examination of gastric biopsy specimens, culturing, the [13C]urea breath test, and a monoclonal antibody-based stool antigen enzyme immunoassay (EIA). Fecal specimens from all 54 children who were shown to be noninfected by ""gold standard"" tests gave true-negative PCR results (specificity, 100%). Of the remaining 46 individuals with a positive H. pylori status, 29 were found to be positive by real-time PCR (sensitivity, 63%). For these 29 cases, the H. pylori ClariRes assay confirmed all results from phenotypic clarithromycin susceptibility testing by Etest. In summary, this investigation demonstrates that detection of Helicobacter DNA in stool samples by real-time PCR is a difficult task and that this method cannot replace the stool antigen EIA (sensitivity, 95.7%) for the accurate diagnosis of H. pylori infection in children.",0.29,1200,18.051791629027402,1065,"- Types of studies: studies that evaluate the accuracy of the index tests in the appropriate patient population
- Participants: symptomatic and asymptomatic people in whom H pylori infection status is sought so that eradication therapy for H pylori can be started
- Index tests: Urea breath test-14C, urea breath test-13C, serology, and stool antigen test, alone or in combination
- Target conditions: H pylori infection
- Reference standards: endoscopic biopsy followed by histology (using haemotoxylin and eosin (H & E) stain, special histological stains such as Giemsa stain and Warthin-Starry stain, or immunohistochemical stain)",rank below the point needed for 95% recall
CD012080,10373140,Dual versus triple therapy of Helicobacter pylori infection: results of a multicentre trial.,"OBJECTIVE: To compare dual therapy (omeprazole and amoxicillin) with triple therapy (omeprazole, amoxicillin, and clarithromycin) in the treatment of Helicobacter pylori infection. The efficacy of 1 mg/kg/day omeprazole was randomly compared with 2 mg/kg/day. STUDY DESIGN: 252 patients (median age, 11.0 years; range, 3-18) presenting with chronic abdominal pain underwent endoscopy and a 13C-urea breath test. Gastric biopsy specimens were taken for histological examination and for the rapid urease test. Patients were treated for two weeks: group A (n = 63) received amoxicillin (50 mg/kg; maximum, 2 g/day), group B (n = 73) received amoxicillin and clarithromycin (20 mg/kg; maximum, 1 g/day). Both groups were randomly treated with either 1 or 2 mg/kg omeprazole (maximum, 80 mg/day). Diagnostic procedures were repeated four weeks after the end of treatment. RESULTS: 11 patients were excluded; 136 patients were H pylori positive (56%), 105 of whom were re-examined after treatment. Helicobacter pylori was eradicated in 52% of group A and 83% of group B. The dose of omeprazole had no influence on the eradication rate. Specificity and sensitivity of the rapid urease test were 94% and 93%, respectively. Specificity and sensitivity of the 13C-urea breath test were 93% and 95%, respectively. CONCLUSIONS: Dual therapy can no longer be recommended. Triple therapy is more effective than dual therapy in the eradication of H pylori infection. The lower dose of 1 mg/kg omeprazole was as effective as 2 mg/kg.",0.23,1318,19.82836495031617,1065,"- Types of studies: studies that evaluate the accuracy of the index tests in the appropriate patient population
- Participants: symptomatic and asymptomatic people in whom H pylori infection status is sought so that eradication therapy for H pylori can be started
- Index tests: Urea breath test-14C, urea breath test-13C, serology, and stool antigen test, alone or in combination
- Target conditions: H pylori infection
- Reference standards: endoscopic biopsy followed by histology (using haemotoxylin and eosin (H & E) stain, special histological stains such as Giemsa stain and Warthin-Starry stain, or immunohistochemical stain)",rank below the point needed for 95% recall
CD012233,10840356,Polypoid lesions of the gallbladder: report of 100 cases with special reference to operative indications.,"BACKGROUND: The nature of polypoid lesions of the gallbladder is difficult to define before operation, and surgical indications still remain controversial. The aim of this study was to identify characteristics of each type of polypoid lesion of the gallbladder and indications for surgery. METHODS: Clinical data were retrospectively correlated with the histopathologic characteristics of polypoid lesions in 100 patients who had cholecystectomy. RESULTS: There were 74 benign polypoid lesions, including 39 cholesterol polyps, 20 adenomas, and 15 with adenomyomatous hyperplasia and 26 malignant polypoid lesions. Twenty-seven percent of patients with benign polyps and 73 percent of patients with malignant polyps were over 60 years of age. Polypoid lesions of the gallbladder were diagnosed by preoperative ultrasonography in only 36 patients (36%). All types of polypoid lesions of the gallbladder, whether benign or malignant, were frequently solitary, and gallstones coexisted in the majority of patients with all polypoid lesions of the gallbladder except cholesterol polyps. The lesions were > 10 mm in 88% of the malignant polyps and in only 15% of the benign polyps. CONCLUSIONS: The risk factors for malignancy were the age of the patient ( >60 years), the coexistence of gallstones, and the size of the polypoid lesions (>10 mm in diameter). In asymptomatic patients, cholecystectomy can be justified if there are risk factors for malignancy.",0.48,91,19.10828025477707,272,"- Types of studies: cross-sectional studies, retrospective, and prospective cohort studies or randomised controlled trials, that evaluated the accuracy of the index tests (TAUS and EUS) in the appropriate participant population
- Participants: for detection of gallbladder polyps: symptomatic (people with biliary colic/upper abdominal pain) or asymptomatic adults (more than 18 years of age); for true polyps compared to pseudo polyps: adults (more than 18 years of age) in whom histopathology after cholecystectomy confirmed presence of true or pseudo polyp; for dysplastic polyps/carcinomas compared to adenomas/pseudo polyps: adults (more than 18 years of age) in whom histopathology after cholecystectomy confirmed presence of dysplastic polyps/carcinomas or adenomas/pseudo polyps
- Index tests: transabdominal ultrasound (TAUS) of the upper abdomen and gallbladder, or endoscopic ultrasound (EUS), both without intravenous contrast enhancement
- Target conditions: for detection of gallbladder polyps: gallbladder polyp(s); for differentiation between true polyp and pseudo gallbladder polyp: true gallbladder polyp(s) compared to pseudo gallbladder polyp(s); for differentiation between dysplastic polyps/carcinomas and adenomas/pseudo polyps of the gallbladder: dysplastic polyp(s) or carcinoma(s) compared to adenoma(s) or pseudo polyp(s)
- Reference standards: istopathological analysis of the resected gallbladder after cholecystectomy and for studies about the detection of gallbladder polyps alternatively repeated imaging up to six months",Jev probability below carried-forward fixed threshold 0.50
CD012233,14725227,[Polypoid lesions of the gallbladder: indications for surgical treatment].,"Through the study of a population of 176 patients with polypoid lesions of the gallbladder, our aim was to demonstrate the advantages of ultrasonography in the identification of those cases in which surgical intervention is indicated. From among our patients, specific criteria were used to select 92 patients to submit to cholecystectomy. These criteria were based on a thorough evaluation of the clinical data (patient's age, familiarity, presence of symptoms), and on careful examination of the ultrasonographic images (number and size of lesions, presence of associated cholelithiasis, state of the gallbladder wall). The histological results and the literature data confirmed the validity of our protocol. The risk factors for carcinoma are age (> 60 years), coexistence of gallstone disease, and the size of the lesions (> 10 mm). Therefore, when these risk factors are present, cholecystectomy is justified even in asymptomatic patients.",0.47,99,20.8067940552017,272,"- Types of studies: cross-sectional studies, retrospective, and prospective cohort studies or randomised controlled trials, that evaluated the accuracy of the index tests (TAUS and EUS) in the appropriate participant population
- Participants: for detection of gallbladder polyps: symptomatic (people with biliary colic/upper abdominal pain) or asymptomatic adults (more than 18 years of age); for true polyps compared to pseudo polyps: adults (more than 18 years of age) in whom histopathology after cholecystectomy confirmed presence of true or pseudo polyp; for dysplastic polyps/carcinomas compared to adenomas/pseudo polyps: adults (more than 18 years of age) in whom histopathology after cholecystectomy confirmed presence of dysplastic polyps/carcinomas or adenomas/pseudo polyps
- Index tests: transabdominal ultrasound (TAUS) of the upper abdomen and gallbladder, or endoscopic ultrasound (EUS), both without intravenous contrast enhancement
- Target conditions: for detection of gallbladder polyps: gallbladder polyp(s); for differentiation between true polyp and pseudo gallbladder polyp: true gallbladder polyp(s) compared to pseudo gallbladder polyp(s); for differentiation between dysplastic polyps/carcinomas and adenomas/pseudo polyps of the gallbladder: dysplastic polyp(s) or carcinoma(s) compared to adenoma(s) or pseudo polyp(s)
- Reference standards: istopathological analysis of the resected gallbladder after cholecystectomy and for studies about the detection of gallbladder polyps alternatively repeated imaging up to six months",Jev probability below carried-forward fixed threshold 0.50
CD012233,21633532,Pre-operative factors that can predict neoplastic polypoid lesions of the gallbladder.,"AIM: To investigate the preoperative factors that can predict neoplastic polypoid lesions of the gallbladder (PLGs) as well as malignant PLGs. METHODS: A retrospective analysis was conducted on the 210 consecutively enrolled patients who underwent cholecystectomy due to a PLG larger than 10 mm, as was determined by preoperative trans-abdominal ultrasonography or endoscopic ultrasonography. We analyzed the medical, laboratory, radiologic data and the pathologic results. RESULTS: In 210 cases, 146 had non-neoplastic polyps (69.5%) and 64 cases were neoplastic polyps (30.5%). An older age (≥ 65 years), the presence of diabetes mellitus (DM) and the size of polyp (≥ 15 mm) were revealed to be independent predictive variables for neoplastic polyps with odd ratios (OR) of 2.27 (P = 0.044), 2.64 (P = 0.021) and 4.94 (P < 0.01), respectively. Among the neoplastic PLGs, an older age (≥ 65 years), the presence of DM and polyp size (≥ 15 mm) were associated with malignancy with ORs of 4.97 (P = 0.005), 6.13 (P = 0.001) and 20.55 (P < 0.001), respectively. CONCLUSION: Among patients with PLGs larger than 10 mm in size, higher risk groups such as elderly patients more than 65 years old, those with DM or a large polyp size (≥ 15 mm) should be managed by cholecystectomy.",0.46,105,22.08067940552017,272,"- Types of studies: cross-sectional studies, retrospective, and prospective cohort studies or randomised controlled trials, that evaluated the accuracy of the index tests (TAUS and EUS) in the appropriate participant population
- Participants: for detection of gallbladder polyps: symptomatic (people with biliary colic/upper abdominal pain) or asymptomatic adults (more than 18 years of age); for true polyps compared to pseudo polyps: adults (more than 18 years of age) in whom histopathology after cholecystectomy confirmed presence of true or pseudo polyp; for dysplastic polyps/carcinomas compared to adenomas/pseudo polyps: adults (more than 18 years of age) in whom histopathology after cholecystectomy confirmed presence of dysplastic polyps/carcinomas or adenomas/pseudo polyps
- Index tests: transabdominal ultrasound (TAUS) of the upper abdomen and gallbladder, or endoscopic ultrasound (EUS), both without intravenous contrast enhancement
- Target conditions: for detection of gallbladder polyps: gallbladder polyp(s); for differentiation between true polyp and pseudo gallbladder polyp: true gallbladder polyp(s) compared to pseudo gallbladder polyp(s); for differentiation between dysplastic polyps/carcinomas and adenomas/pseudo polyps of the gallbladder: dysplastic polyp(s) or carcinoma(s) compared to adenoma(s) or pseudo polyp(s)
- Reference standards: istopathological analysis of the resected gallbladder after cholecystectomy and for studies about the detection of gallbladder polyps alternatively repeated imaging up to six months",Jev probability below carried-forward fixed threshold 0.50
CD012233,8008896,[Ultrasonography and computerized tomography in the diagnosis of gallbladder carcinoma].,"The US and CT images of 40 surgical patients with histologically proved gallbladder carcinoma were retrospectively reviewed. The radiologic diagnosis was correct in 22 patients (55%). Gallbladder carcinoma patterns were: an intraluminal mass (type I) (7 patients, 17.5%), focal or diffuse wall thickening (type II) (5 patients, 12.5%) a mass replacing the gallbladder (type III) (10 patients, 25%). In 5 patients with type I or II gallbladder carcinoma, US and CT diagnosis was made easier by the presence of associated findings--i.e., liver infiltration and/or metastases, lymphadenopathy, dilated intrahepatic ducts, ascites. In 7 patients a gallbladder carcinoma was suspected in the presence of a small intraluminal mass (6 cases) or of focal wall thickening (1 case), with no stones and with dilated intrahepatic biliary ducts. In the extant 18 patients (45%) the radiologic diagnosis was: polyps (6 cases), stones with cholecystitis (11 cases) and empyema (1 case). US is the examination of choice in the diagnosis of gallbladder and biliary ducts conditions, but several diagnostic problems may arise in the differentiation from polyps and acute inflammatory disease. CT better demonstrates gastrointestinal tract invasion and lymphadenopathy, which can be a valuable finding for treatment planning.",0.41,114,23.991507430997878,272,"- Types of studies: cross-sectional studies, retrospective, and prospective cohort studies or randomised controlled trials, that evaluated the accuracy of the index tests (TAUS and EUS) in the appropriate participant population
- Participants: for detection of gallbladder polyps: symptomatic (people with biliary colic/upper abdominal pain) or asymptomatic adults (more than 18 years of age); for true polyps compared to pseudo polyps: adults (more than 18 years of age) in whom histopathology after cholecystectomy confirmed presence of true or pseudo polyp; for dysplastic polyps/carcinomas compared to adenomas/pseudo polyps: adults (more than 18 years of age) in whom histopathology after cholecystectomy confirmed presence of dysplastic polyps/carcinomas or adenomas/pseudo polyps
- Index tests: transabdominal ultrasound (TAUS) of the upper abdomen and gallbladder, or endoscopic ultrasound (EUS), both without intravenous contrast enhancement
- Target conditions: for detection of gallbladder polyps: gallbladder polyp(s); for differentiation between true polyp and pseudo gallbladder polyp: true gallbladder polyp(s) compared to pseudo gallbladder polyp(s); for differentiation between dysplastic polyps/carcinomas and adenomas/pseudo polyps of the gallbladder: dysplastic polyp(s) or carcinoma(s) compared to adenoma(s) or pseudo polyp(s)
- Reference standards: istopathological analysis of the resected gallbladder after cholecystectomy and for studies about the detection of gallbladder polyps alternatively repeated imaging up to six months",Jev probability below carried-forward fixed threshold 0.50
CD012233,10966024,Isolated small gallbladder polyps: an indication for cholecystectomy in symptomatic patients.,"To evaluate patients with gallbladder polyps and to compare them with patients with chronic acalculous cholecystitis, 301 patients with chronic acalculous disease of the gallbladder, of which 45 had polyp disease of the gallbladder, were reviewed out of 7181 cholecystectomies performed from June 1985 through June 1995. Of the 45 patients, 30 (Group A) were diagnosed preoperatively by ultrasound and 15 (Group B) postoperatively on pathologic examination. In each group, the most common polyp was cholesterol type (19/45) with multiple lesions in 10 of these 19 patients. Chronic cholecystitis was present elsewhere in the gallbladder in 40 per cent of Group A and 80 per cent of Group B patients (P = 0.02). Forty-three patients had polyps less than 5 mm in diameter, one a 1.5-cm gallbladder cholesterol polyp, and one a 1.3-cm tubulovillous polyp with a focus of carcinoma in situ. During this same period, 17 patients had primary malignancy of the gallbladder, none of which were found in polypoid lesions. In Group A patients there were significantly fewer preoperative tests than in typical acalculous patients [2.3 versus 3.8 (P<0.03)], including upper endoscopy (P<0.02) and hepatobiliary scintigraphy (P<0.00001). Of the patients with polyps, 42 of 45 (93.3%) had resolution of symptoms postoperatively with a mean follow-up of 178.9+/-505.0 days (range 1-2438 days). Most patients with biliary tract symptoms and a small (<5-mm) gallbladder polyp underwent fewer preoperative diagnostic tests than patients with chronic acalculous cholecystitis. This abbreviated preoperative workup appears warranted in view of the high incidence of symptom resolution.",0.39,122,25.690021231422506,272,"- Types of studies: cross-sectional studies, retrospective, and prospective cohort studies or randomised controlled trials, that evaluated the accuracy of the index tests (TAUS and EUS) in the appropriate participant population
- Participants: for detection of gallbladder polyps: symptomatic (people with biliary colic/upper abdominal pain) or asymptomatic adults (more than 18 years of age); for true polyps compared to pseudo polyps: adults (more than 18 years of age) in whom histopathology after cholecystectomy confirmed presence of true or pseudo polyp; for dysplastic polyps/carcinomas compared to adenomas/pseudo polyps: adults (more than 18 years of age) in whom histopathology after cholecystectomy confirmed presence of dysplastic polyps/carcinomas or adenomas/pseudo polyps
- Index tests: transabdominal ultrasound (TAUS) of the upper abdomen and gallbladder, or endoscopic ultrasound (EUS), both without intravenous contrast enhancement
- Target conditions: for detection of gallbladder polyps: gallbladder polyp(s); for differentiation between true polyp and pseudo gallbladder polyp: true gallbladder polyp(s) compared to pseudo gallbladder polyp(s); for differentiation between dysplastic polyps/carcinomas and adenomas/pseudo polyps of the gallbladder: dysplastic polyp(s) or carcinoma(s) compared to adenoma(s) or pseudo polyp(s)
- Reference standards: istopathological analysis of the resected gallbladder after cholecystectomy and for studies about the detection of gallbladder polyps alternatively repeated imaging up to six months",Jev probability below carried-forward fixed threshold 0.50
CD012233,15449990,Adenomatous polyp in the gallbladder.,,0.37,128,26.963906581740975,272,"- Types of studies: cross-sectional studies, retrospective, and prospective cohort studies or randomised controlled trials, that evaluated the accuracy of the index tests (TAUS and EUS) in the appropriate participant population
- Participants: for detection of gallbladder polyps: symptomatic (people with biliary colic/upper abdominal pain) or asymptomatic adults (more than 18 years of age); for true polyps compared to pseudo polyps: adults (more than 18 years of age) in whom histopathology after cholecystectomy confirmed presence of true or pseudo polyp; for dysplastic polyps/carcinomas compared to adenomas/pseudo polyps: adults (more than 18 years of age) in whom histopathology after cholecystectomy confirmed presence of dysplastic polyps/carcinomas or adenomas/pseudo polyps
- Index tests: transabdominal ultrasound (TAUS) of the upper abdomen and gallbladder, or endoscopic ultrasound (EUS), both without intravenous contrast enhancement
- Target conditions: for detection of gallbladder polyps: gallbladder polyp(s); for differentiation between true polyp and pseudo gallbladder polyp: true gallbladder polyp(s) compared to pseudo gallbladder polyp(s); for differentiation between dysplastic polyps/carcinomas and adenomas/pseudo polyps of the gallbladder: dysplastic polyp(s) or carcinoma(s) compared to adenoma(s) or pseudo polyp(s)
- Reference standards: istopathological analysis of the resected gallbladder after cholecystectomy and for studies about the detection of gallbladder polyps alternatively repeated imaging up to six months",Jev probability below carried-forward fixed threshold 0.50
CD012233,11525368,Role of laparoscopic cholecystectomy in the management of polypoid lesions of the gallbladder.,"This retrospective clinicohistopathologic study was performed to delineate the role of laparoscopic cholecystectomy in the management of polypoid lesions of the gallbladder. One hundred forty-three consecutive patients who had a preoperative sonographic diagnosis of polypoid lesions of the gallbladder with a diameter less than 1.5 cm and who underwent laparoscopic cholecystectomy at Cathay General Hospital were included in the analysis. Histopathologic study showed that 22 (15.4%) patients had true tumors, including adenoma (16), adenoma with focal adenocarcinoma (2), adenocarcinoma (3), and carcinoid tumor (1). Tumorlike lesions were found in 121 (84.6%) patients and included cholesterol polyp (106), adenomyomatous hyperplasia (10), inflammatory polyp (3), and papillary hyperplasia (2). The mean diameter of malignant polypoid lesions of the gallbladder was 1.35 +/- 0.42 cm, which was significantly larger than that of cholesterol polyps (0.66 +/- 0.40 cm, P = 0.0001) but not significantly larger than that of adenomyomatous hyperplasias (1.12 +/- 0.42 cm) and adenomas (1.08 +/- 0.47 cm). The mean age of patients with malignant polypoid lesions of the gallbladder (61.2 +/- 13.3 years old) was significantly older than that of patients with adenomyomatous hyperplasia (46.6 +/- 13.4 years, P = 0.03), cholesterol polyps (44.5 +/- 10.5 years, P = 0.0003), and adenomas (41.4 +/- 9.4 years, P = 0.0008). Clinical follow-up showed that most (98.6%) patients benefited from the minimal invasiveness of laparoscopic cholecystectomy with satisfactory surgical results. We conclude that laparoscopic cholecystectomy is a reliable, safe, and minimally invasive biopsy procedure and definite management of polypoid lesions of the gallbladder with a diameter less than 1.5 cm.",0.32,142,29.936305732484076,272,"- Types of studies: cross-sectional studies, retrospective, and prospective cohort studies or randomised controlled trials, that evaluated the accuracy of the index tests (TAUS and EUS) in the appropriate participant population
- Participants: for detection of gallbladder polyps: symptomatic (people with biliary colic/upper abdominal pain) or asymptomatic adults (more than 18 years of age); for true polyps compared to pseudo polyps: adults (more than 18 years of age) in whom histopathology after cholecystectomy confirmed presence of true or pseudo polyp; for dysplastic polyps/carcinomas compared to adenomas/pseudo polyps: adults (more than 18 years of age) in whom histopathology after cholecystectomy confirmed presence of dysplastic polyps/carcinomas or adenomas/pseudo polyps
- Index tests: transabdominal ultrasound (TAUS) of the upper abdomen and gallbladder, or endoscopic ultrasound (EUS), both without intravenous contrast enhancement
- Target conditions: for detection of gallbladder polyps: gallbladder polyp(s); for differentiation between true polyp and pseudo gallbladder polyp: true gallbladder polyp(s) compared to pseudo gallbladder polyp(s); for differentiation between dysplastic polyps/carcinomas and adenomas/pseudo polyps of the gallbladder: dysplastic polyp(s) or carcinoma(s) compared to adenoma(s) or pseudo polyp(s)
- Reference standards: istopathological analysis of the resected gallbladder after cholecystectomy and for studies about the detection of gallbladder polyps alternatively repeated imaging up to six months",Jev probability below carried-forward fixed threshold 0.50
CD012233,1859800,"""Adenomatous polyps of the gallbladder"" adenomas of the gallbladder.","The finding of adenomatous polyps of the gallbladder is a rare occurrence and an unusual clinical problem. Among 2,145 patients who underwent cholecystectomy for gallbladder disease only 9 (0.4 per cent) presented with adenomatous polyps. There were 6 women and 3 men, aged 17 to 70 years. Preoperative ultrasonographic diagnosis was made in only 1 of 7 patients with gallstones, in contrast polypoid lesions within a gallbladder without stones were easily confirmed by both ultrasonography and oral cholecystography in the remaining 2 patients. All polyps were 1.0 cm or less in size and without histologic evidence of malignant change. The clinical significance of this rare condition is discussed, with particular reference to a possible role in development of gallbladder carcinoma. Surgical treatment should be advocated regardless of clinical manifestation when the polyp exceeds 1.0 cm in diameter or rapid growth of the lesion is seen on ultrasonographic follow-up examinations.",0.3,146,30.78556263269639,272,"- Types of studies: cross-sectional studies, retrospective, and prospective cohort studies or randomised controlled trials, that evaluated the accuracy of the index tests (TAUS and EUS) in the appropriate participant population
- Participants: for detection of gallbladder polyps: symptomatic (people with biliary colic/upper abdominal pain) or asymptomatic adults (more than 18 years of age); for true polyps compared to pseudo polyps: adults (more than 18 years of age) in whom histopathology after cholecystectomy confirmed presence of true or pseudo polyp; for dysplastic polyps/carcinomas compared to adenomas/pseudo polyps: adults (more than 18 years of age) in whom histopathology after cholecystectomy confirmed presence of dysplastic polyps/carcinomas or adenomas/pseudo polyps
- Index tests: transabdominal ultrasound (TAUS) of the upper abdomen and gallbladder, or endoscopic ultrasound (EUS), both without intravenous contrast enhancement
- Target conditions: for detection of gallbladder polyps: gallbladder polyp(s); for differentiation between true polyp and pseudo gallbladder polyp: true gallbladder polyp(s) compared to pseudo gallbladder polyp(s); for differentiation between dysplastic polyps/carcinomas and adenomas/pseudo polyps of the gallbladder: dysplastic polyp(s) or carcinoma(s) compared to adenoma(s) or pseudo polyp(s)
- Reference standards: istopathological analysis of the resected gallbladder after cholecystectomy and for studies about the detection of gallbladder polyps alternatively repeated imaging up to six months",Jev probability below carried-forward fixed threshold 0.50
CD012233,10759734,Surgical management of polypoid lesions of the gallbladder.,"BACKGROUND: With improvements in ultrasonography more polypoid lesions of the gallbladder (PLGs) are being detected. The management of these is controversial. METHODS: The demographic, radiological and pathological data of 38 patients with ultrasonographically detected PLGs were reviewed. A Medline search for such lesions was performed and a review of the literature is presented. RESULTS: Thirty-four patients underwent cholecystectomy and four were advised against or declined operation. Of the 34 who had cholecystectomy, 11 had macroscopic and histopathologically proven PLGs. Of these, seven had cholesterol polyps, two had adenomas, one had a carcinoid tumour and one had an adenocarcinoma of the gallbladder. One patient had a histopathologically normal gallbladder. The remainder had chronic cholecystitis with or without gallstones. All of the patients with neoplastic lesions of the gallbladder had solitary polyps greater than 1.0 cm in diameter. CONCLUSION: A protocol for the management of ultrasonographically detected PLGs is proposed. In this protocol it is suggested that patients with a PLG should undergo surgery if they are symptomatic, or if the PLG is 1.0 cm or more in diameter.",0.3,147,30.997876857749468,272,"- Types of studies: cross-sectional studies, retrospective, and prospective cohort studies or randomised controlled trials, that evaluated the accuracy of the index tests (TAUS and EUS) in the appropriate participant population
- Participants: for detection of gallbladder polyps: symptomatic (people with biliary colic/upper abdominal pain) or asymptomatic adults (more than 18 years of age); for true polyps compared to pseudo polyps: adults (more than 18 years of age) in whom histopathology after cholecystectomy confirmed presence of true or pseudo polyp; for dysplastic polyps/carcinomas compared to adenomas/pseudo polyps: adults (more than 18 years of age) in whom histopathology after cholecystectomy confirmed presence of dysplastic polyps/carcinomas or adenomas/pseudo polyps
- Index tests: transabdominal ultrasound (TAUS) of the upper abdomen and gallbladder, or endoscopic ultrasound (EUS), both without intravenous contrast enhancement
- Target conditions: for detection of gallbladder polyps: gallbladder polyp(s); for differentiation between true polyp and pseudo gallbladder polyp: true gallbladder polyp(s) compared to pseudo gallbladder polyp(s); for differentiation between dysplastic polyps/carcinomas and adenomas/pseudo polyps of the gallbladder: dysplastic polyp(s) or carcinoma(s) compared to adenoma(s) or pseudo polyp(s)
- Reference standards: istopathological analysis of the resected gallbladder after cholecystectomy and for studies about the detection of gallbladder polyps alternatively repeated imaging up to six months",Jev probability below carried-forward fixed threshold 0.50
CD012233,15249249,Polypoid lesions of the gallbladder.,"BACKGROUND: Polypoid lesions of the gallbladder encompass a wide variety of pathology. Although most of these lesions are benign, some early carcinomas of the gallbladder do present as polypoid lesions. Problems remain in selecting patients with polypoid lesions of the gallbladder for surgery, the operative approach, and the method of follow-up of those deemed not needing surgery. DATA SOURCES: This review was done by Medline search of the English literature by the keywords ""polypoid lesions of gallbladder,"" ""gallbladder polyps,"" ""carcinoma of gallbladder,"" and ""benign tumors of gallbladder."" CONCLUSIONS: Most small polypoid lesions of the gallbladder are benign and remain static for years. Three- to six-monthly ultrasonography examination is warranted in the initial follow-up period but it is probably unnecessary after 1 or 2 years. Age more than 50 years and size of polyp more than 1 cm are the two most important factors predicting malignancy in polypoid lesions of the gallbladder. Other risk factors include concurrent gallstones, solitary polyp, and symptomatic polyp. Laparoscopic cholecystectomy is the treatment of choice unless the suspicion of malignancy is high, in which case it is advisable to have open exploration, intraoperative frozen section, and preparation for extended resection.",0.22,192,40.552016985138,272,"- Types of studies: cross-sectional studies, retrospective, and prospective cohort studies or randomised controlled trials, that evaluated the accuracy of the index tests (TAUS and EUS) in the appropriate participant population
- Participants: for detection of gallbladder polyps: symptomatic (people with biliary colic/upper abdominal pain) or asymptomatic adults (more than 18 years of age); for true polyps compared to pseudo polyps: adults (more than 18 years of age) in whom histopathology after cholecystectomy confirmed presence of true or pseudo polyp; for dysplastic polyps/carcinomas compared to adenomas/pseudo polyps: adults (more than 18 years of age) in whom histopathology after cholecystectomy confirmed presence of dysplastic polyps/carcinomas or adenomas/pseudo polyps
- Index tests: transabdominal ultrasound (TAUS) of the upper abdomen and gallbladder, or endoscopic ultrasound (EUS), both without intravenous contrast enhancement
- Target conditions: for detection of gallbladder polyps: gallbladder polyp(s); for differentiation between true polyp and pseudo gallbladder polyp: true gallbladder polyp(s) compared to pseudo gallbladder polyp(s); for differentiation between dysplastic polyps/carcinomas and adenomas/pseudo polyps of the gallbladder: dysplastic polyp(s) or carcinoma(s) compared to adenoma(s) or pseudo polyp(s)
- Reference standards: istopathological analysis of the resected gallbladder after cholecystectomy and for studies about the detection of gallbladder polyps alternatively repeated imaging up to six months",Jev probability below carried-forward fixed threshold 0.50
CD012233,9038670,Natural history of polypoid lesions in the gall bladder.,"BACKGROUND: Although polypoid lesions of the gall bladder are frequently observed in asymptomatic subjects, the natural history of these lesions has never been studied using ultrasonography. AIM: The natural history of polypoid lesions of the gall bladder was investigated using ultrasonography. SUBJECTS: Among 4343 patients who presented to the outpatient clinic of Tsuchiura Kyodo General Hospital in 1988, 111 subjects were diagnosed as having polypoid lesions of the gall bladder by ultrasonography. Among these patients, two had gall bladder carcinoma. The remaining 109 subjects (58 female; age: median 54, range 25-89) were enrolled in this study. METHODS: The subjects were followed up by ultrasonography once or twice a year until 1994. RESULTS: Four patients received cholecystectomy and two patients died of other causes during the observation period. In one patient, gall bladder carcinoma was found, but its location was different from that of the pre-existing polyp. The size of the lesions did not change in 88.3% of the other 130 patients during this period, even among those in whom the initial size of the lesion exceeded 10 mm. There was no apparent correlation between the change in the diameter of the polypoid lesions and patients' sex or age. CONCLUSION: Most polypoid lesions of the gall bladder detected by ultrasonography are benign.",0.2,204,43.09978768577495,272,"- Types of studies: cross-sectional studies, retrospective, and prospective cohort studies or randomised controlled trials, that evaluated the accuracy of the index tests (TAUS and EUS) in the appropriate participant population
- Participants: for detection of gallbladder polyps: symptomatic (people with biliary colic/upper abdominal pain) or asymptomatic adults (more than 18 years of age); for true polyps compared to pseudo polyps: adults (more than 18 years of age) in whom histopathology after cholecystectomy confirmed presence of true or pseudo polyp; for dysplastic polyps/carcinomas compared to adenomas/pseudo polyps: adults (more than 18 years of age) in whom histopathology after cholecystectomy confirmed presence of dysplastic polyps/carcinomas or adenomas/pseudo polyps
- Index tests: transabdominal ultrasound (TAUS) of the upper abdomen and gallbladder, or endoscopic ultrasound (EUS), both without intravenous contrast enhancement
- Target conditions: for detection of gallbladder polyps: gallbladder polyp(s); for differentiation between true polyp and pseudo gallbladder polyp: true gallbladder polyp(s) compared to pseudo gallbladder polyp(s); for differentiation between dysplastic polyps/carcinomas and adenomas/pseudo polyps of the gallbladder: dysplastic polyp(s) or carcinoma(s) compared to adenoma(s) or pseudo polyp(s)
- Reference standards: istopathological analysis of the resected gallbladder after cholecystectomy and for studies about the detection of gallbladder polyps alternatively repeated imaging up to six months",Jev probability below carried-forward fixed threshold 0.50
CD012233,2320947,Polyps in the gallbladder. A prevalence study.,"The prevalence of gallbladder polyps as assessed by ultrasonography in a random population was 4.6% among men and 4.3% among women. The size of most polyps was 3 mm or more but never exceeded 10 mm. The prevalence of polyps was not significantly associated with age, sex, social factors, weight factors, physical activity, diabetes mellitus, pregnancies, use of exogenous female hormones, intake of alcohol, or plasma lipids. Polyps among men were significantly associated with a history of no smoking. This lack of risk factor profile resembled that of cholesterolosis, as seen in the literature, whereas it was quite different from that of gallstones. It is concluded that polyps in the gallbladder are common in a random population, and, although it is known from the literature that some cases may represent gallstones, the vast majority most probably represent the polypoid variation of cholesterolosis.",0.16,242,51.167728237791934,272,"- Types of studies: cross-sectional studies, retrospective, and prospective cohort studies or randomised controlled trials, that evaluated the accuracy of the index tests (TAUS and EUS) in the appropriate participant population
- Participants: for detection of gallbladder polyps: symptomatic (people with biliary colic/upper abdominal pain) or asymptomatic adults (more than 18 years of age); for true polyps compared to pseudo polyps: adults (more than 18 years of age) in whom histopathology after cholecystectomy confirmed presence of true or pseudo polyp; for dysplastic polyps/carcinomas compared to adenomas/pseudo polyps: adults (more than 18 years of age) in whom histopathology after cholecystectomy confirmed presence of dysplastic polyps/carcinomas or adenomas/pseudo polyps
- Index tests: transabdominal ultrasound (TAUS) of the upper abdomen and gallbladder, or endoscopic ultrasound (EUS), both without intravenous contrast enhancement
- Target conditions: for detection of gallbladder polyps: gallbladder polyp(s); for differentiation between true polyp and pseudo gallbladder polyp: true gallbladder polyp(s) compared to pseudo gallbladder polyp(s); for differentiation between dysplastic polyps/carcinomas and adenomas/pseudo polyps of the gallbladder: dysplastic polyp(s) or carcinoma(s) compared to adenoma(s) or pseudo polyp(s)
- Reference standards: istopathological analysis of the resected gallbladder after cholecystectomy and for studies about the detection of gallbladder polyps alternatively repeated imaging up to six months",Jev probability below carried-forward fixed threshold 0.50
CD012233,9362194,Risk factors for gallbladder polyps in the Chinese population.,"OBJECTIVES: To assess the prevalence of and risk factors for gallbladder (GB) polyps in the Chinese population. METHODS: A prospective ultrasonographic study of GB polyps was conducted in 3647 Chinese subjects who received a paid physical checkup at this hospital. Their demographic characteristics and biochemical parameters were recorded. Ultrasonographic diagnosis revealed a normal GB in 2946 subjects (1838 men, 1108 women), polyps in 243 (174 men, 69 women), gallstones in 286 (196 men, 90 women), a history of cholecystectomy in 100 (56 men, 44 women), mixed gallstones/GB polyps in 17 (10 men, seven women), and miscellaneous results in 35. RESULTS: Excluding subjects with cholecystectomy and mixed gallstones/GB polyps, the overall prevalence of GB polyps in the study group was 6.9%. The studied risk factors manifesting an increased odds ratio (OR) for the development of GB polyps were glucose intolerance (OR 1.506, p < 0.05) and male gender (OR 1.723, p < 0.05) in multivariate analysis. Other demographic characteristics and biochemical parameters, such as age, body mass index, cigarette smoking, alcohol consumption, blood pressure, lipid profile, hepatitis B virus carrier, liver function, and parity, did not exhibit any correlation to GB polyps. CONCLUSIONS: Among Chinese of higher socioeconomic status, men and individuals with glucose intolerance tend to have a high risk for developing GB polyps.",0.13,272,57.53715498938429,272,"- Types of studies: cross-sectional studies, retrospective, and prospective cohort studies or randomised controlled trials, that evaluated the accuracy of the index tests (TAUS and EUS) in the appropriate participant population
- Participants: for detection of gallbladder polyps: symptomatic (people with biliary colic/upper abdominal pain) or asymptomatic adults (more than 18 years of age); for true polyps compared to pseudo polyps: adults (more than 18 years of age) in whom histopathology after cholecystectomy confirmed presence of true or pseudo polyp; for dysplastic polyps/carcinomas compared to adenomas/pseudo polyps: adults (more than 18 years of age) in whom histopathology after cholecystectomy confirmed presence of dysplastic polyps/carcinomas or adenomas/pseudo polyps
- Index tests: transabdominal ultrasound (TAUS) of the upper abdomen and gallbladder, or endoscopic ultrasound (EUS), both without intravenous contrast enhancement
- Target conditions: for detection of gallbladder polyps: gallbladder polyp(s); for differentiation between true polyp and pseudo gallbladder polyp: true gallbladder polyp(s) compared to pseudo gallbladder polyp(s); for differentiation between dysplastic polyps/carcinomas and adenomas/pseudo polyps of the gallbladder: dysplastic polyp(s) or carcinoma(s) compared to adenoma(s) or pseudo polyp(s)
- Reference standards: istopathological analysis of the resected gallbladder after cholecystectomy and for studies about the detection of gallbladder polyps alternatively repeated imaging up to six months",Jev probability below carried-forward fixed threshold 0.50
CD012233,8153864,Role of laparoscopic cholecystectomy in treating gallbladder polyps.,"Since the application of laparoscopic cholecystectomy (Lap C) to gallbladder polyps has not yet been fully evaluated, we performed Lap C on 26 patients with gallbladder polyps. Pathological examinations showed adenocarcinoma in three patients, adenoma in two, and cholesterol polyp in 21. Preoperative diagnoses of the cases with adenocarcinoma were a cholesterol polyp in one patient and an adenoma in two. Adenocarcinoma was confirmed to reside in the mucosa without any invasion of lymphatic ducts or small vessels in the three patients. This procedure was considered to be sufficient for this grade of cancer, and, therefore, no additional operations were performed. At present, our policy is to resect by Lap C a gallbladder polyp having a maximum size larger than 10 mm and a tendency to grow or presenting with suspicion of adenoma. When cancer is suspected by preoperative examinations, however, traditional surgery may be recommended.",0.09,344,72.82377919320595,272,"- Types of studies: cross-sectional studies, retrospective, and prospective cohort studies or randomised controlled trials, that evaluated the accuracy of the index tests (TAUS and EUS) in the appropriate participant population
- Participants: for detection of gallbladder polyps: symptomatic (people with biliary colic/upper abdominal pain) or asymptomatic adults (more than 18 years of age); for true polyps compared to pseudo polyps: adults (more than 18 years of age) in whom histopathology after cholecystectomy confirmed presence of true or pseudo polyp; for dysplastic polyps/carcinomas compared to adenomas/pseudo polyps: adults (more than 18 years of age) in whom histopathology after cholecystectomy confirmed presence of dysplastic polyps/carcinomas or adenomas/pseudo polyps
- Index tests: transabdominal ultrasound (TAUS) of the upper abdomen and gallbladder, or endoscopic ultrasound (EUS), both without intravenous contrast enhancement
- Target conditions: for detection of gallbladder polyps: gallbladder polyp(s); for differentiation between true polyp and pseudo gallbladder polyp: true gallbladder polyp(s) compared to pseudo gallbladder polyp(s); for differentiation between dysplastic polyps/carcinomas and adenomas/pseudo polyps of the gallbladder: dysplastic polyp(s) or carcinoma(s) compared to adenoma(s) or pseudo polyp(s)
- Reference standards: istopathological analysis of the resected gallbladder after cholecystectomy and for studies about the detection of gallbladder polyps alternatively repeated imaging up to six months",rank below the point needed for 95% recall
CD012233,25865694,Contrast-enhanced ultrasound in diagnosis of gallbladder adenoma.,"BACKGROUND: Gallbladder adenoma is a pre-cancerous neoplasm and needs surgical resection. It is difficult to differentiate adenoma from other gallbladder polyps using imaging examinations. The study aimed to illustrate characteristics of contrast-enhanced ultrasound (CEUS) and its diagnostic value in gallbladder adenoma. METHODS: Thirty-seven patients with 39 gallbladder adenomatoid lesions (maximal diameter ≥10 mm and without metastasis) were enrolled in this study. Lesion appearances in conventional ultrasound and CEUS were documented. The imaging features were compared individually among gallbladder cholesterol polyp, gallbladder adenoma and malignant lesion. RESULTS: Adenoma lesions showed iso-echogenicity in ultrasound, and an eccentric enhancement pattern, ""fast-in and synchronous-out"" contrast enhancement pattern and homogeneous at peak-time enhancement in CEUS. The homogenicity at peak-time enhancement showed the highest diagnostic ability in differentiating gallbladder adenoma from cholesterol polyps. The sensitivity, specificity, positive predictive value, negative predictive value, accuracy and Youden index were 100%, 90.9%, 92.9%, 100%, 95.8% and 0.91, respectively. The characteristic of continuous gallbladder wall shown by CEUS had the highest diagnostic ability in differentiating adenoma from malignant lesion (100%, 86.7%, 86.7%, 100%, 92.9% and 0.87, respectively). The characteristic of the eccentric enhancement pattern had the highest diagnostic ability in differentiating adenoma from cholesterol polyp and malignant lesion, with corresponding indices of 69.2%, 88.5%, 75.0%, 85.2%, 82.1% and 0.58, respectively. CONCLUSIONS: CEUS is valuable in differentiating gallbladder adenoma from other gallbladder polyps (≥10 mm in diameter). Homogeneous echogenicity on peak-time enhancement, a continuous gallbladder wall, and the eccentric enhancement pattern are important indicators of gallbladder adenoma on CEUS.",0.09,358,75.79617834394904,272,"- Types of studies: cross-sectional studies, retrospective, and prospective cohort studies or randomised controlled trials, that evaluated the accuracy of the index tests (TAUS and EUS) in the appropriate participant population
- Participants: for detection of gallbladder polyps: symptomatic (people with biliary colic/upper abdominal pain) or asymptomatic adults (more than 18 years of age); for true polyps compared to pseudo polyps: adults (more than 18 years of age) in whom histopathology after cholecystectomy confirmed presence of true or pseudo polyp; for dysplastic polyps/carcinomas compared to adenomas/pseudo polyps: adults (more than 18 years of age) in whom histopathology after cholecystectomy confirmed presence of dysplastic polyps/carcinomas or adenomas/pseudo polyps
- Index tests: transabdominal ultrasound (TAUS) of the upper abdomen and gallbladder, or endoscopic ultrasound (EUS), both without intravenous contrast enhancement
- Target conditions: for detection of gallbladder polyps: gallbladder polyp(s); for differentiation between true polyp and pseudo gallbladder polyp: true gallbladder polyp(s) compared to pseudo gallbladder polyp(s); for differentiation between dysplastic polyps/carcinomas and adenomas/pseudo polyps of the gallbladder: dysplastic polyp(s) or carcinoma(s) compared to adenoma(s) or pseudo polyp(s)
- Reference standards: istopathological analysis of the resected gallbladder after cholecystectomy and for studies about the detection of gallbladder polyps alternatively repeated imaging up to six months",rank below the point needed for 95% recall
CD012567,22302265,Combined diffusion-weighted and gadolinium-enhanced MRI can accurately predict the peritoneal cancer index preoperatively in patients being considered for cytoreductive surgical procedures.,"PURPOSE: To determine whether abdominal and pelvic magnetic resonance imaging (MRI) with diffusion-weighted and dynamic gadolinium-enhanced imaging can be used to accurately calculate the peritoneal cancer index (PCI) before surgery compared to the PCI tabulated at surgery. METHODS: Thirty-three patients underwent preoperative MRI followed by cytoreductive surgery for primary tumors of the appendix (n = 25), ovary (n = 5), colon (n = 2), and mesothelioma (n = 1). MRIs were retrospectively reviewed to determine the MRI PCI. These scores were then compared to PCI tabulated at surgery. Patients were categorized as having small-volume tumors (PCI 0–9), moderate-volume tumors (PCI 10–20), and large-volume tumors (PCI > 20). The respective anatomic site scores for both MRI and surgery were compared. RESULTS: There was no significant difference between the MRI PCI and surgical PCI for the 33 patients (P = 0.12). MRI correctly predicted the PCI category in 29 (0.88) of 33 patients. Compared to surgical findings, MRI correctly predicted small-volume tumor in 6 of 7 patients, moderate-volume tumor in 3 of 4 patients, and large-volume tumor in 20 of 22 patients. MRI and surgical PCI scores were identical in 8 patients (24%). A difference of <5 was noted in 16 patients (49%) and of 5–10 in 9 patients (27%). Compared to surgical-site findings, MRI depicted 258 truly positive sites of peritoneal tumor, 35 falsely negative sites, 35 falsely positive sites, and 101 truly negative sites, with a corresponding sensitivity of 0.88, specificity of 0.74, and accuracy of 0.84. CONCLUSIONS: Combined diffusion-weighted and gadolinium-enhanced peritoneal MRI accurately predicts the PCI before surgery in patients undergoing evaluation for cytoreductive surgery.",0.38,163,2.4057024057024057,163,"- Types of studies: randomised comparisons of diagnostic tests, cross-sectional, retrospective or prospective cohort studies, that address the DTA of preoperative PET(-CT), conventional or (additional) diffusion-weighted MRI on assessing tumour resectability in women who are scheduled to undergo primary debulking surgery as well as studies which added the index test(s) on to abdominal CT or when the index test replaced abdominal CT
- Participants: Studies about adult (18 years of age or more) women diagnosed with advanced stage (stage III to IV) epithelial ovarian/fallopian tube/primary peritoneal cancer, considered eligible for primary debulking surgery (i.e. no adjuvant chemotherapy treatment or prior surgery to assess tumour extension was performed)
- Index tests: index tests of interest are preoperatively performed fluorodeoxyglucose-18 PET(-CT), conventional and diffusion-weighted MRI
- Target conditions: the resectability of all deposits from epithelial ovarian/fallopian tube/primary peritoneal cancer at primary debulking surgery
- Reference standards: the process of debulking surgery",Jev probability below carried-forward fixed threshold 0.50
CD012669,20083993,Predictors for the selection of patients for abdominal CT after blunt trauma: a proposal for a diagnostic algorithm.,"OBJECTIVE: To select parameters that can predict which patients should receive abdominal computed tomography (CT) after high-energy blunt trauma. SUMMARY BACKGROUND DATA: Abdominal CT accurately detects injuries of the abdomen, pelvis, and lumbar spine, but has important disadvantages. More evidence for an appropriate patient selection for CT is required. METHODS: A prospective observational study was performed on consecutive adult high-energy blunt trauma patients. All patients received primary and secondary surveys according to the advanced trauma life support, sonography (focused assessment with sonography for trauma [FAST]), conventional radiography (CR) of the chest, pelvis, and spine and routine abdominal CT. Parameters from prehospital information, physical examination, laboratory investigations, FAST, and CR were prospectively recorded for all patients. Independent predictors for the presence of > or =1 injuries on abdominal CT were determined using a multivariate logistic regression analysis. RESULTS: A total of 1040 patients were included, 309 had injuries on abdominal CT. Nine parameters were independent predictors for injuries on CT: abnormal CR of the pelvis (odds ratio [OR], 46.8), lumbar spine (OR, 16.2), and chest (OR, 2.37), abnormal FAST (OR, 26.7), abnormalities in physical examination of the abdomen/pelvis (OR, 2.41) or lumbar spine (OR 2.53), base excess <-3 (OR, 2.39), systolic blood pressure <90 mm Hg (OR, 3.81), and long bone fractures (OR, 1.61). The prediction model based on these predictors resulted in a R of 0.60, a sensitivity of 97%, and a specificity of 33%. A diagnostic algorithm was subsequently proposed, which could reduce CT usage with 22% as compared with a routine use. CONCLUSIONS: Based on parameters from physical examination, laboratory, FAST, and CR, we created a prediction model with a high sensitivity to select patients for abdominal CT after blunt trauma. A diagnostic algorithm was proposed.",0.46,369,29.229547259729944,487,"- Types of studies: either prospective or retrospective diagnostic cohort studies that enrolled patients with blunt trauma who underwent any type of POCS as primary imaging modality to screen for thoracoabdominal injuries and also underwent predefined imaging or invasive reference tests to verify POCS results
- Participants: people of any age or gender who sustained any type of blunt trauma in a civilian scenario and were transferred to a hospital of any care level
- Index tests: any type of POCS performed in a trauma setting (e.g. FAST ultrasonography of the abdomen or thorax, or both, or any advanced ultrasound protocol) intended to detect (1) free fluid (as a surrogate of bleeding) in the abdomen, retroperitoneal space, or chest, (2) injuries to solid organs such as the liver or spleen (including attempts to grade their severity), (3) lesions of major vessels, and (4) other injuries (e.g. pneumothorax, as indicated by air in the pleural space)
- Target Conditions: blunt thoracoabdominal and multiple trauma, meaning any blunt, non-penetrating force to the abdomen and chest and both solid and hollow viscera, as well as both major vessels
- Reference standards: (1) any type of CT scan of the major body cavities; (2) any type of MRI of the major body cavities; (3) laparotomy, or laparoscopy, either diagnostic or therapeutic; (4) thoracotomy, or thoracoscopy, either diagnostic or therapeutic; (5) autopsy",Jev probability below carried-forward fixed threshold 0.50
CD012669,25805456,An abdominal computed tomography may be safe in selected hypotensive trauma patients with positive Focused Assessment with Sonography in Trauma examination.,"BACKGROUND: Positive Focused Assessment with Sonography in Trauma examination and hypotension often indicate urgent surgery. An abdomen/pelvis computed tomography (apCT) may allow less invasive management but the delay may be associated with adverse outcomes. METHODS: Patients in the Prospective Observational Multicenter Major Trauma Transfusion study with hypotension and a positive Focused Assessment with Sonography in Trauma (HF+) examination who underwent a CT (apCT+) were compared with those who did not. RESULTS: Of the 92 HF+ identified, 32 (35%) underwent apCT during initial evaluation and apCT was associated with decreased odds of an emergency operation (odds ratio .11, 95% confidence interval .001 to .116) and increased odds of angiographic intervention (odds ratio 14.3, 95% confidence interval 1.5 to 135). There was no significant difference in 30-day mortality or need for dialysis. CONCLUSIONS: An apCT in HF+ patients is associated with reduced odds of emergency surgery, but not mortality. Select HF+ patients can safely undergo apCT to obtain clinically useful information.",0.4,388,30.73868149324861,487,"- Types of studies: either prospective or retrospective diagnostic cohort studies that enrolled patients with blunt trauma who underwent any type of POCS as primary imaging modality to screen for thoracoabdominal injuries and also underwent predefined imaging or invasive reference tests to verify POCS results
- Participants: people of any age or gender who sustained any type of blunt trauma in a civilian scenario and were transferred to a hospital of any care level
- Index tests: any type of POCS performed in a trauma setting (e.g. FAST ultrasonography of the abdomen or thorax, or both, or any advanced ultrasound protocol) intended to detect (1) free fluid (as a surrogate of bleeding) in the abdomen, retroperitoneal space, or chest, (2) injuries to solid organs such as the liver or spleen (including attempts to grade their severity), (3) lesions of major vessels, and (4) other injuries (e.g. pneumothorax, as indicated by air in the pleural space)
- Target Conditions: blunt thoracoabdominal and multiple trauma, meaning any blunt, non-penetrating force to the abdomen and chest and both solid and hollow viscera, as well as both major vessels
- Reference standards: (1) any type of CT scan of the major body cavities; (2) any type of MRI of the major body cavities; (3) laparotomy, or laparoscopy, either diagnostic or therapeutic; (4) thoracotomy, or thoracoscopy, either diagnostic or therapeutic; (5) autopsy",Jev probability below carried-forward fixed threshold 0.50
CD012669,24073336,Focused Assessment with Sonography in Trauma and Abdominal Computed Tomography Utilization in Adult Trauma Patients: Trends over the Last Decade.,"Objective. We sought to describe the trend in abdominal CT use in adult trauma patients after a point-of-care emergency ultrasound program was introduced. We hypothesized that abdominal CT use would decrease as FAST use increased. Methods. We performed a retrospective study of 19940 consecutive trauma patients over the age of 18 admitted to our level one trauma center from 2002 through 2011. Data was collected retrospectively and recorded in a trauma registry. We plotted the rate of FAST and abdominal CT utilization over time. Head CT was used as a surrogate for overall CT utilization rates during the study period. Results. Use of FAST increased by an average of 2.3% (95% CI 2.1 to 2.5, P < 0.01) while abdominal CT use decreased by the same rate annually. The percentage of patients who received FAST as the sole imaging modality for the abdomen rose from 2.0% to 21.9% while those who only received an abdominal CT dropped from 21.7% to 2.3%. Conclusions. Abdominal CT use in our cohort declined while FAST utilization grew in the last decade. The rising use of FAST may have played a role in the reduction of abdominal CT performed as decline in CT utilization appears contrary to overall trends.",0.23,487,38.60206513105639,487,"- Types of studies: either prospective or retrospective diagnostic cohort studies that enrolled patients with blunt trauma who underwent any type of POCS as primary imaging modality to screen for thoracoabdominal injuries and also underwent predefined imaging or invasive reference tests to verify POCS results
- Participants: people of any age or gender who sustained any type of blunt trauma in a civilian scenario and were transferred to a hospital of any care level
- Index tests: any type of POCS performed in a trauma setting (e.g. FAST ultrasonography of the abdomen or thorax, or both, or any advanced ultrasound protocol) intended to detect (1) free fluid (as a surrogate of bleeding) in the abdomen, retroperitoneal space, or chest, (2) injuries to solid organs such as the liver or spleen (including attempts to grade their severity), (3) lesions of major vessels, and (4) other injuries (e.g. pneumothorax, as indicated by air in the pleural space)
- Target Conditions: blunt thoracoabdominal and multiple trauma, meaning any blunt, non-penetrating force to the abdomen and chest and both solid and hollow viscera, as well as both major vessels
- Reference standards: (1) any type of CT scan of the major body cavities; (2) any type of MRI of the major body cavities; (3) laparotomy, or laparoscopy, either diagnostic or therapeutic; (4) thoracotomy, or thoracoscopy, either diagnostic or therapeutic; (5) autopsy",Jev probability below carried-forward fixed threshold 0.50
CD012669,17715308,The utility of focused assessment with sonography for trauma as a triage tool in multiple-casualty incidents during the second Lebanon war.,"OBJECTIVE: The purpose of this study was to evaluate the role of focused assessment with sonography for trauma (FAST) as a triage tool in multiple-casualty incidents (MCIs) for a single international conflict. METHODS: The charts of 849 casualties that arrived at our level 1 trauma referral center were reviewed. Casualties were initially triaged according to the Injury Severity Score at the emergency department gate. Two-hundred eighty-one physically injured patients, 215 soldiers (76.5%) and 66 civilians (23.5%), were admitted. Focused assessment with sonography for trauma was performed in 102 casualties suspected to have an abdominal injury. Sixty-eight underwent computed tomography (CT); 12 underwent laparotomy; and 28 were kept under clinical observation alone. We compared FAST results against CT, laparotomy, and clinical observation records. RESULTS: Focused assessment with sonography for trauma results were positive in 17 casualties and negative in 85. The sensitivity, specificity, positive predictive value, negative predictive value, and accuracy of FAST were 75%, 97.6%, 88.2%, 94.1%, and 93.1%, respectively. A strong correlation between FAST and CT results, laparotomy, and clinical observation was obtained (P < .05). CONCLUSIONS: In a setting of a war conflict-related MCI, FAST enabled immediate triage of casualties to laparotomy, CT, or clinical observation. Because of its moderate sensitivity, a negative FAST result with strong clinical suspicion demands further evaluation, especially in an MCI.",0.1,676,53.61397934868943,487,"- Types of studies: either prospective or retrospective diagnostic cohort studies that enrolled patients with blunt trauma who underwent any type of POCS as primary imaging modality to screen for thoracoabdominal injuries and also underwent predefined imaging or invasive reference tests to verify POCS results
- Participants: people of any age or gender who sustained any type of blunt trauma in a civilian scenario and were transferred to a hospital of any care level
- Index tests: any type of POCS performed in a trauma setting (e.g. FAST ultrasonography of the abdomen or thorax, or both, or any advanced ultrasound protocol) intended to detect (1) free fluid (as a surrogate of bleeding) in the abdomen, retroperitoneal space, or chest, (2) injuries to solid organs such as the liver or spleen (including attempts to grade their severity), (3) lesions of major vessels, and (4) other injuries (e.g. pneumothorax, as indicated by air in the pleural space)
- Target Conditions: blunt thoracoabdominal and multiple trauma, meaning any blunt, non-penetrating force to the abdomen and chest and both solid and hollow viscera, as well as both major vessels
- Reference standards: (1) any type of CT scan of the major body cavities; (2) any type of MRI of the major body cavities; (3) laparotomy, or laparoscopy, either diagnostic or therapeutic; (4) thoracotomy, or thoracoscopy, either diagnostic or therapeutic; (5) autopsy",rank below the point needed for 95% recall
CD012669,20825767,Prediction of blunt traumatic injury in high-acuity patients: bedside examination vs computed tomography.,"OBJECTIVE: The addition of spiral computed tomography (SCT) to bedside assessment in patients with major trauma may improve detection of significant injury. We hypothesized that in high-acuity trauma patients, emergency physicians' ability to detect significant injuries based solely on bedside assessment would lack the sensitivity needed to exclude serious injuries when compared with SCT. METHODS: This was a prospective single-cohort study of high-acuity trauma patients routinely undergoing whole-body SCT at a level 1 trauma center from January to September 2006. Before SCT, emergency physicians assigned ratings for likelihood of injury to 5 body regions on the basis of bedside assessment. These ratings were compared with final SCT interpretations. RESULTS: We enrolled 400 patients as a convenience sample; 71 were excluded. When a ""very low"" rating was considered negative and ""low,"" ""intermediate,"" ""high,"" and ""very high"" were considered positive, emergency physicians were able to detect head, cervical spine, chest, abdominal/pelvic, and thoracic/lumbar spine injuries with sensitivities (95% confidence interval) of 100% (98.6%-100%), 97.4% (94.9%-98.8%), 96.9% (94.2%-98.4%), 97.9% (95.5%-99.1%), and 97.0% (94.3%-98.5%), respectively. For overall diagnostic accuracy, areas under the receiver operating characteristics curve (95% confidence interval) were 0.87 (0.82-0.92), 0.71 (0.62-0.81), 0.81 (0.76-0.86), 0.77(0.71-0.83), 0.74 (0.65-0.84), respectively. CONCLUSIONS: Bedside assessment by emergency physicians before SCT was sensitive in ruling out serious injuries in high-acuity trauma patients with a ""very low"" rating for injury. However, overall diagnostic accuracy was low, suggesting that SCT should be considered in most high-acuity patients to prevent missing injuries.",0.08,787,62.43050039714059,487,"- Types of studies: either prospective or retrospective diagnostic cohort studies that enrolled patients with blunt trauma who underwent any type of POCS as primary imaging modality to screen for thoracoabdominal injuries and also underwent predefined imaging or invasive reference tests to verify POCS results
- Participants: people of any age or gender who sustained any type of blunt trauma in a civilian scenario and were transferred to a hospital of any care level
- Index tests: any type of POCS performed in a trauma setting (e.g. FAST ultrasonography of the abdomen or thorax, or both, or any advanced ultrasound protocol) intended to detect (1) free fluid (as a surrogate of bleeding) in the abdomen, retroperitoneal space, or chest, (2) injuries to solid organs such as the liver or spleen (including attempts to grade their severity), (3) lesions of major vessels, and (4) other injuries (e.g. pneumothorax, as indicated by air in the pleural space)
- Target Conditions: blunt thoracoabdominal and multiple trauma, meaning any blunt, non-penetrating force to the abdomen and chest and both solid and hollow viscera, as well as both major vessels
- Reference standards: (1) any type of CT scan of the major body cavities; (2) any type of MRI of the major body cavities; (3) laparotomy, or laparoscopy, either diagnostic or therapeutic; (4) thoracotomy, or thoracoscopy, either diagnostic or therapeutic; (5) autopsy",rank below the point needed for 95% recall
CD012669,25405557,Scanning and War: Utility of FAST and CT in the Assessment of Battlefield Abdominal Trauma.,"OBJECTIVE: To determine utilization and accuracy of focused assessment with sonography for trauma (FAST) and computed tomography (CT) in a mature military trauma system to inform service provision for future conflicts. BACKGROUND: FAST and CT scans undertaken by attending radiologists contribute to surgical decision making for battlefield casualties at the Joint Force, Role 3 Medical Treatment Facility at Camp Bastion (R3), Afghanistan. METHODS: Registry data for abdominally injured casualties treated at R3 from July to November 2012 were matched to radiological and surgical records to determine diagnostic accuracy for FAST and CT and their influence on casualty management. RESULTS: A total of 468 casualties met inclusion criteria, of whom 85.0% underwent FAST and 86.1% abdominal CT; 159 (34.0%) had abdominal injuries. For detection of intra-abdominal injury, FAST sensitivity (Sn) was 0.56, specificity (Sp) 0.98, positive predictive value (PPV) 0.87, negative predictive value (NPV) 0.90, and accuracy (Acc) 0.89. For CT, Sn was 0.99, Sp 0.99, PPV 0.96, NPV 1.00, and Acc 0.99. Forty-six solid organ injuries were identified in 38 patients by CT; 17 were managed nonoperatively. A further 61 patients avoided laparotomy after CT confirmed extra-abdominal wounds only. The negative laparotomy rate was 3.9%. CONCLUSIONS: FAST and CT contribute to triage, guide surgical management, and reduce nontherapeutic laparotomy. When imaging is available, these data challenge current doctrine about inadvisability of nonoperative management of abdominal injury after combat trauma.",0.08,816,64.7339158061954,487,"- Types of studies: either prospective or retrospective diagnostic cohort studies that enrolled patients with blunt trauma who underwent any type of POCS as primary imaging modality to screen for thoracoabdominal injuries and also underwent predefined imaging or invasive reference tests to verify POCS results
- Participants: people of any age or gender who sustained any type of blunt trauma in a civilian scenario and were transferred to a hospital of any care level
- Index tests: any type of POCS performed in a trauma setting (e.g. FAST ultrasonography of the abdomen or thorax, or both, or any advanced ultrasound protocol) intended to detect (1) free fluid (as a surrogate of bleeding) in the abdomen, retroperitoneal space, or chest, (2) injuries to solid organs such as the liver or spleen (including attempts to grade their severity), (3) lesions of major vessels, and (4) other injuries (e.g. pneumothorax, as indicated by air in the pleural space)
- Target Conditions: blunt thoracoabdominal and multiple trauma, meaning any blunt, non-penetrating force to the abdomen and chest and both solid and hollow viscera, as well as both major vessels
- Reference standards: (1) any type of CT scan of the major body cavities; (2) any type of MRI of the major body cavities; (3) laparotomy, or laparoscopy, either diagnostic or therapeutic; (4) thoracotomy, or thoracoscopy, either diagnostic or therapeutic; (5) autopsy",rank below the point needed for 95% recall
CD012768,24388082,Diagnostic yield of fine needle aspiration biopsy in HIV-infected adults with suspected mycobacterial lymphadenitis.,"BACKGROUND: Fine needle aspiration biopsy (FNAB) has been shown to be the diagnostic procedure of choice for superficial lymphadenitis in tuberculosis endemic regions. METHODS: We conducted a retrospective laboratory-based study to determine the bacteriological yield of clinically suspected mycobacterial tuberculous lymphadenitis following FNAB in adults, and specifically HIV-positive patients, to determine the need for the introduction of automated nucleic acid amplification tests (NAATs) such as the Xpert MTB/RIF assay as the initial diagnostic modality. RESULTS. A diagnostic yield of 80% was achieved, significantly higher in HIV-positive v. HIV-negative patients (84% v. 52%, respectively; p<0.001). CONCLUSION: The results justify using automated NAATs such as the Xpert MTB/RIF assay as the initial diagnostic modality to expedite management in HIV-infected patients.",0.48,97,73.84615384615384,102,"- Types of studies: randomized controlled trials, cross-sectional studies, or observational cohort studies that compared results of the index test with results of the reference standard
- Participants: participants of all ages from all settings and countries who were thought to have extrapulmonary TB are included
- Index tests: Xpert assay and the Ultra assay
- Target conditions: extrapulmonary TB including TB meningitis and pleural, lymph node, bone or joint, genitourinary, peritoneal, pericardial, and disseminated TB
- Reference standards: solid or liquid mycobacterial culture",Jev probability below carried-forward fixed threshold 0.50
CD012768,22966426,Rapid Diagnosis of Pulmonary and Extrapulmonary Tuberculosis in HIV-Infected Patients. Comparison of LED Fluorescent Microscopy and the GeneXpert MTB/RIF Assay in a District Hospital in India.,"HIV-related tuberculosis is difficult to diagnose and is associated with high morbidity and mortality. Recently, the World Health Organization has endorsed the GeneXpert MTB/RIF (Xpert) assay for the diagnosis of pulmonary tuberculosis in HIV-infected patients from developing countries, but information about the use of Xpert for the diagnosis of extrapulmonary tuberculosis is scarce. In this study, we compared the performance of light-emitting diode (LED) auramine fluorescent microscopy and the Xpert assay for the diagnosis of tuberculosis in HIV infected patients in a district hospital of India. Although at higher cost, Xpert outperformed LED fluorescent microscopy in all type of specimens, especially in cerebrospinal fluid where the number of positive results was increased 11 times. Pleural fluid, ascitic fluid, pus, and stool specimens also yielded positive results with the Xpert assay. When collecting two additional early-morning sputum samples, the increase of the number of positive results with the Xpert assay was lower than previously reported for HIV infected patients. Rifampicin resistance was observed in 2.2% of the cases. The results of this study show that the Xpert assay can dramatically improve the rapid diagnosis of tuberculous meningitis and other types of extrapulmonary tuberculosis of HIV infected patients.",0.38,100,76.15384615384616,102,"- Types of studies: randomized controlled trials, cross-sectional studies, or observational cohort studies that compared results of the index test with results of the reference standard
- Participants: participants of all ages from all settings and countries who were thought to have extrapulmonary TB are included
- Index tests: Xpert assay and the Ultra assay
- Target conditions: extrapulmonary TB including TB meningitis and pleural, lymph node, bone or joint, genitourinary, peritoneal, pericardial, and disseminated TB
- Reference standards: solid or liquid mycobacterial culture",Jev probability below carried-forward fixed threshold 0.50
CD012768,27143080,[Application of Gene Xpert Mycobacterium tuberculosis DNA and resistance to rifampicin assay in the rapid detection of tuberculosis in children].,"OBJECTIVE: To detect Mycobacterium tuberculosis (MTB) and rifampin resistance of the clinical specimens in children by Xpert MTB DNA and resistance to rifampicin(MTB/RIF) detection system, and evaluate the application value of this method in children with tuberculosis. METHOD: Data of 109 children cases of clinically suspected tuberculosis were collected (including 46 gastric lavage aspirate, 19 sputum, 10 fine needle aspiration biopsy, 4 pus, 14 cerebrospinal fluid, 11 Serous membrance fluid, 1 marrow, 3 stool, 1 urine specimens)between April 2014 and March 2015. All specimens were detected by smear fluorescence staining microscopy, MGIT 960 BACTEC liquid culture, Xpert MTB/RIF assay and T-SPOT.TB test respectively. The sensitivity and specificity of Xpert MTB/RIF assay were analyzed in those clinical specimens. RESULT: The sensitivity and specificity of the Xpert MTB/RIF assay for MTB detection in childhood tuberculosis clinical specimen were 28.6% and 87.5%. The sensitivity of 65 pulmonary tuberculosis(46 gastric lavage aspirate, 19 sputum) which included gastric lavage aspirates and sputum was 33.3% and 57.1%, the specificity of the two was 100.0%. In 44 extrapulmonary tuberculosis, the sensitivity of the pus and the puncture fluid was higher and approached 100.0%. The detection rate of the cerebrospinal fluid and serous cavity effusion was very low. The sensitivity was 100.0% in smear-positive and culture-positive samples and only 30.8% to 50.0% in smear-negative and culture-positive samples. The sensitivity and specificity of Xpert MTB/RIF assay to detect rifampin resistance were 100.0%. In clinical samples, the sensitivity of Xpert MTB/RIF assay was higher than that of smear fluorescence staining microscopy, but the difference was not statistically significant (χ(2)=0, P>0.05). The result was equivalent to that of MGIT 960 BACTEC liquid culture (28.6% vs. 27.3%, χ(2)=2.50, P>0.05), and far below that of T-SPOT.TB(28.6% vs 59.7%, χ(2)=13.92, P<0.05). CONCLUSION: Xpert MTB/RIF assay did not show obvious advantage in childhood tuberculosis, especially in serous cavity effusion and cerebrospinal fluid, but the advantages of detecting tuberculosis rapidly and resistance to rifampin can provide help for the clinical diagnosis and treatment in childrenhood tuberculosis.",0.36,102,77.6923076923077,102,"- Types of studies: randomized controlled trials, cross-sectional studies, or observational cohort studies that compared results of the index test with results of the reference standard
- Participants: participants of all ages from all settings and countries who were thought to have extrapulmonary TB are included
- Index tests: Xpert assay and the Ultra assay
- Target conditions: extrapulmonary TB including TB meningitis and pleural, lymph node, bone or joint, genitourinary, peritoneal, pericardial, and disseminated TB
- Reference standards: solid or liquid mycobacterial culture",Jev probability below carried-forward fixed threshold 0.50
CD012768,25014250,"Determinants of PCR performance (Xpert MTB/RIF), including bacterial load and inhibition, for TB diagnosis using specimens from different body compartments.","The determinants of Xpert MTB/RIF sensitivity, a widely used PCR test for the diagnosis of tuberculosis (TB) are poorly understood. We compared culture time-to-positivity (TTP; a surrogate of bacterial load), MTB/RIF TB-specific and internal positive control (IPC)-specific C(T) values, and clinical characteristics in patients with suspected TB who provided expectorated (n = 438) or induced sputum (n = 128), tracheal aspirates (n = 71), bronchoalveolar lavage fluid (n = 152), pleural fluid (n = 76), cerebral spinal fluid (CSF; n = 152), pericardial fluid (n = 131), or urine (n = 173) specimens. Median bacterial load (TTP in days) was the strongest associate of MTB/RIF positivity in each fluid. TTP correlated with C(T) values in pulmonary specimens but not extrapulmonary specimens (Spearman's coefficient 0.5043 versus 0.1437; p = 0.030). Inhibition affected a greater proportion of pulmonary specimens than extrapulmonary specimens (IPC C(T) > 34: 6% (47/731) versus 1% (4/381; p < 0.0001). Pulmonary specimens had greater load than extrapulmonary specimens [TTPs (interquartile range) of 11 (7-16) versus 22 (18-33.5) days; p < 0.0001]. HIV-infection was associated with a decreased likelihood of MTB/RIF-positivity in pulmonary specimens but an increased likelihood in extrapulmonary specimens. Mycobacterial load, which displays significant variation across different body compartments, is the main determinant of MTB/RIF-positivity rather than PCR inhibition. MTB/RIF C(T) is a poor surrogate of load in extrapulmonary specimens.",0.32,105,80.0,102,"- Types of studies: randomized controlled trials, cross-sectional studies, or observational cohort studies that compared results of the index test with results of the reference standard
- Participants: participants of all ages from all settings and countries who were thought to have extrapulmonary TB are included
- Index tests: Xpert assay and the Ultra assay
- Target conditions: extrapulmonary TB including TB meningitis and pleural, lymph node, bone or joint, genitourinary, peritoneal, pericardial, and disseminated TB
- Reference standards: solid or liquid mycobacterial culture",rank below the point needed for 95% recall
CD012768,21270230,Rapid molecular detection of extrapulmonary tuberculosis by the automated GeneXpert MTB/RIF system.,"In total, 521 nonrespiratory specimens (91 urine, 30 gastric aspirate, 245 tissue, 113 pleural fluid, 19 cerebrospinal fluid [CSF], and 23 stool specimens) submitted to the German National Reference Laboratory for Mycobacteria (NRL) from May 2009 to August 2010 were comparatively investigated with the new molecular-based GeneXpert MTB/RIF (Xpert) assay system and conventional liquid and solid culture methods. Twenty (3.8%) of the 521 specimens gave no interpretable result. Whereas the sensitivity of the Xpert assay with tissue specimens was 69.0% (20 out of 29 culture-positive cases detected), 100% sensitivity was found with the urine and stool specimens. The combined sensitivity and specificity of the Xpert assay were calculated to be 77.3% and 98.2%, respectively.",0.25,109,83.07692307692308,102,"- Types of studies: randomized controlled trials, cross-sectional studies, or observational cohort studies that compared results of the index test with results of the reference standard
- Participants: participants of all ages from all settings and countries who were thought to have extrapulmonary TB are included
- Index tests: Xpert assay and the Ultra assay
- Target conditions: extrapulmonary TB including TB meningitis and pleural, lymph node, bone or joint, genitourinary, peritoneal, pericardial, and disseminated TB
- Reference standards: solid or liquid mycobacterial culture",rank below the point needed for 95% recall
